{
    "schedule": {
        "0": [
            [
                0.25,
                0.5,
                75,
                62,
                66.859047
            ]
        ],
        "1": [
            [
                0.25,
                0.5,
                77,
                106,
                150.0
            ]
        ],
        "2": [
            [
                0.25,
                0.5,
                76,
                21,
                124.90032
            ]
        ],
        "3": [
            [
                0.5,
                0.75,
                72,
                14,
                24.633652
            ]
        ],
        "4": [
            [
                0.5,
                0.75,
                76,
                127,
                29.668753
            ]
        ],
        "5": [
            [
                0.75,
                1.0,
                79,
                130,
                69.703066
            ]
        ],
        "6": [
            [
                0.75,
                1.0,
                77,
                100,
                150.0
            ]
        ],
        "7": [
            [
                0.75,
                1.0,
                79,
                97,
                27.561279
            ]
        ],
        "8": [
            [
                0.75,
                1.0,
                76,
                66,
                150.0
            ]
        ],
        "9": [
            [
                0.75,
                1.0,
                78,
                120,
                79.106552
            ]
        ],
        "10": [
            [
                0.75,
                1.0,
                75,
                117,
                123.6291
            ],
            [
                1.0,
                1.25,
                76,
                35,
                72.386069
            ]
        ],
        "12": [
            [
                1.0,
                1.25,
                76,
                134,
                42.510989
            ]
        ],
        "13": [
            [
                1.0,
                1.25,
                77,
                37,
                124.15853
            ]
        ],
        "14": [
            [
                1.0,
                1.25,
                75,
                114,
                8.500768
            ]
        ],
        "15": [
            [
                1.0,
                1.25,
                79,
                17,
                137.03105
            ]
        ],
        "16": [
            [
                1.0,
                1.25,
                75,
                39,
                141.49923
            ]
        ],
        "17": [
            [
                1.25,
                1.5,
                77,
                141,
                53.16388
            ]
        ],
        "18": [
            [
                1.5,
                1.75,
                76,
                140,
                38.254288
            ]
        ],
        "19": [
            [
                1.25,
                1.5,
                78,
                19,
                73.721765
            ]
        ],
        "20": [
            [
                4.0,
                4.25,
                77,
                64,
                78.567338
            ]
        ],
        "21": [
            [
                1.25,
                1.5,
                79,
                111,
                150.0
            ]
        ],
        "22": [
            [
                3.5,
                3.75,
                75,
                83,
                60.433923
            ]
        ],
        "23": [
            [
                1.5,
                1.75,
                78,
                104,
                38.00023
            ],
            [
                3.25,
                3.5,
                76,
                98,
                150.0
            ]
        ],
        "24": [
            [
                1.25,
                1.5,
                76,
                109,
                150.0
            ]
        ],
        "25": [
            [
                1.25,
                1.5,
                77,
                144,
                96.83612
            ]
        ],
        "27": [
            [
                1.75,
                2.0,
                75,
                36,
                143.58569
            ]
        ],
        "28": [
            [
                7.0,
                7.25,
                79,
                45,
                53.018677
            ]
        ],
        "29": [
            [
                1.5,
                1.75,
                76,
                133,
                63.9088
            ]
        ],
        "30": [
            [
                3.5,
                3.75,
                77,
                94,
                150.0
            ]
        ],
        "31": [
            [
                5.25,
                5.5,
                79,
                139,
                150.0
            ]
        ],
        "32": [
            [
                2.75,
                3.0,
                79,
                117,
                26.98121
            ]
        ],
        "33": [
            [
                1.5,
                1.75,
                79,
                146,
                51.409198
            ]
        ],
        "34": [
            [
                2.0,
                2.25,
                75,
                81,
                59.533997
            ]
        ],
        "35": [
            [
                1.5,
                1.75,
                75,
                10,
                90.169198
            ]
        ],
        "36": [
            [
                1.5,
                1.75,
                78,
                3,
                37.255572
            ]
        ],
        "37": [
            [
                1.5,
                1.75,
                77,
                147,
                127.95949
            ],
            [
                2.75,
                3.0,
                76,
                128,
                143.42903
            ]
        ],
        "38": [
            [
                2.75,
                3.0,
                75,
                101,
                150.0
            ]
        ],
        "39": [
            [
                2.0,
                2.25,
                78,
                73,
                150.0
            ],
            [
                3.5,
                3.75,
                75,
                89,
                42.920437
            ]
        ],
        "40": [
            [
                3.0,
                3.25,
                77,
                26,
                18.753787
            ]
        ],
        "41": [
            [
                3.5,
                3.75,
                76,
                80,
                46.64564
            ]
        ],
        "42": [
            [
                3.0,
                3.25,
                76,
                82,
                61.872984
            ]
        ],
        "43": [
            [
                2.75,
                3.0,
                78,
                79,
                45.927812
            ]
        ],
        "44": [
            [
                1.75,
                2.0,
                78,
                25,
                150.0
            ],
            [
                2.25,
                2.5,
                78,
                82,
                150.0
            ]
        ],
        "45": [
            [
                2.25,
                2.5,
                75,
                7,
                150.0
            ]
        ],
        "46": [
            [
                4.5,
                4.75,
                78,
                139,
                150.0
            ]
        ],
        "47": [
            [
                2.5,
                2.75,
                75,
                132,
                140.95986
            ]
        ],
        "48": [
            [
                2.5,
                2.75,
                77,
                88,
                138.97453
            ]
        ],
        "49": [
            [
                2.0,
                2.25,
                76,
                67,
                150.0
            ],
            [
                5.0,
                5.25,
                77,
                93,
                150.0
            ]
        ],
        "50": [
            [
                1.75,
                2.0,
                79,
                18,
                139.35118
            ]
        ],
        "51": [
            [
                1.75,
                2.0,
                76,
                3,
                132.28971
            ]
        ],
        "52": [
            [
                2.75,
                3.0,
                77,
                34,
                150.0
            ],
            [
                3.25,
                3.5,
                77,
                62,
                150.0
            ]
        ],
        "53": [
            [
                2.25,
                2.5,
                77,
                58,
                101.89833
            ]
        ],
        "54": [
            [
                3.75,
                4.0,
                75,
                6,
                149.57072
            ]
        ],
        "55": [
            [
                3.25,
                3.5,
                79,
                102,
                150.0
            ]
        ],
        "56": [
            [
                3.5,
                3.75,
                79,
                145,
                115.77093
            ]
        ],
        "57": [
            [
                2.25,
                2.5,
                79,
                136,
                20.543346
            ]
        ],
        "58": [
            [
                6.25,
                6.5,
                75,
                89,
                134.9314
            ]
        ],
        "59": [
            [
                3.0,
                3.25,
                79,
                39,
                122.54832
            ]
        ],
        "60": [
            [
                4.75,
                5.0,
                77,
                85,
                25.430096
            ]
        ],
        "61": [
            [
                2.25,
                2.5,
                79,
                128,
                129.45665
            ]
        ],
        "62": [
            [
                2.0,
                2.25,
                77,
                43,
                150.0
            ],
            [
                5.75,
                6.0,
                78,
                68,
                150.0
            ]
        ],
        "63": [
            [
                2.75,
                3.0,
                79,
                104,
                83.66195
            ]
        ],
        "64": [
            [
                4.75,
                5.0,
                76,
                103,
                101.91588
            ]
        ],
        "65": [
            [
                2.5,
                2.75,
                78,
                86,
                119.39943
            ]
        ],
        "66": [
            [
                5.5,
                5.75,
                78,
                0,
                122.05701
            ]
        ],
        "67": [
            [
                4.0,
                4.25,
                75,
                34,
                89.064797
            ]
        ],
        "68": [
            [
                2.5,
                2.75,
                79,
                142,
                129.62053
            ]
        ],
        "69": [
            [
                5.5,
                5.75,
                75,
                40,
                150.0
            ]
        ],
        "70": [
            [
                3.75,
                4.0,
                78,
                146,
                15.203699
            ]
        ],
        "72": [
            [
                4.5,
                4.75,
                75,
                124,
                47.555145
            ]
        ],
        "73": [
            [
                6.0,
                6.25,
                76,
                14,
                140.76919
            ]
        ],
        "74": [
            [
                4.0,
                4.25,
                79,
                101,
                150.0
            ]
        ],
        "75": [
            [
                4.25,
                4.5,
                75,
                53,
                104.73113
            ]
        ],
        "76": [
            [
                5.25,
                5.5,
                77,
                15,
                38.69631
            ]
        ],
        "77": [
            [
                3.0,
                3.25,
                75,
                25,
                116.65646
            ]
        ],
        "78": [
            [
                4.75,
                5.0,
                77,
                90,
                124.5699
            ],
            [
                5.0,
                5.25,
                76,
                72,
                84.836186
            ]
        ],
        "79": [
            [
                4.5,
                4.75,
                76,
                42,
                123.73981
            ]
        ],
        "80": [
            [
                5.25,
                5.5,
                75,
                149,
                51.919763
            ]
        ],
        "81": [
            [
                3.5,
                3.75,
                79,
                78,
                34.229074
            ]
        ],
        "82": [
            [
                4.5,
                4.75,
                79,
                8,
                150.0
            ]
        ],
        "83": [
            [
                3.5,
                3.75,
                78,
                91,
                150.0
            ]
        ],
        "84": [
            [
                5.0,
                5.25,
                75,
                99,
                150.0
            ]
        ],
        "85": [
            [
                6.0,
                6.25,
                78,
                135,
                150.0
            ]
        ],
        "86": [
            [
                3.0,
                3.25,
                77,
                142,
                131.24621
            ]
        ],
        "87": [
            [
                4.0,
                4.25,
                77,
                52,
                50.518318
            ]
        ],
        "88": [
            [
                4.75,
                5.0,
                75,
                83,
                150.0
            ]
        ],
        "89": [
            [
                4.25,
                4.5,
                76,
                74,
                50.428115
            ]
        ],
        "90": [
            [
                6.25,
                6.5,
                76,
                43,
                102.68735
            ]
        ],
        "91": [
            [
                6.25,
                6.5,
                79,
                44,
                119.20156
            ]
        ],
        "92": [
            [
                5.25,
                5.5,
                76,
                73,
                53.439511
            ]
        ],
        "93": [
            [
                4.25,
                4.5,
                79,
                39,
                46.685042
            ]
        ],
        "94": [
            [
                3.75,
                4.0,
                79,
                44,
                97.308465
            ]
        ],
        "95": [
            [
                4.25,
                4.5,
                78,
                133,
                120.79084
            ]
        ],
        "96": [
            [
                3.75,
                4.0,
                78,
                52,
                134.7963
            ]
        ],
        "97": [
            [
                5.0,
                5.25,
                76,
                78,
                65.163814
            ]
        ],
        "98": [
            [
                4.5,
                4.75,
                77,
                51,
                128.70504
            ]
        ],
        "99": [
            [
                4.25,
                4.5,
                75,
                99,
                45.268867
            ]
        ],
        "100": [
            [
                5.5,
                5.75,
                79,
                62,
                73.441566
            ]
        ],
        "101": [
            [
                5.75,
                6.0,
                77,
                34,
                146.50458
            ]
        ],
        "102": [
            [
                6.25,
                6.5,
                77,
                10,
                23.321533
            ]
        ],
        "103": [
            [
                4.0,
                4.25,
                76,
                125,
                150.0
            ]
        ],
        "104": [
            [
                3.75,
                4.0,
                76,
                56,
                116.63816
            ]
        ],
        "105": [
            [
                3.75,
                4.0,
                79,
                4,
                31.919985
            ]
        ],
        "107": [
            [
                6.75,
                7.0,
                79,
                137,
                53.454331
            ]
        ],
        "108": [
            [
                5.25,
                5.5,
                76,
                24,
                96.560489
            ],
            [
                5.75,
                6.0,
                75,
                77,
                85.769119
            ]
        ],
        "109": [
            [
                5.75,
                6.0,
                79,
                106,
                20.512883
            ]
        ],
        "110": [
            [
                4.75,
                5.0,
                76,
                134,
                48.084121
            ]
        ],
        "111": [
            [
                4.25,
                4.5,
                76,
                139,
                72.53825
            ]
        ],
        "112": [
            [
                5.25,
                5.5,
                78,
                31,
                82.076898
            ]
        ],
        "114": [
            [
                6.5,
                6.75,
                79,
                37,
                30.673215
            ]
        ],
        "115": [
            [
                5.5,
                5.75,
                77,
                47,
                150.0
            ]
        ],
        "116": [
            [
                5.0,
                5.25,
                78,
                74,
                150.0
            ]
        ],
        "117": [
            [
                7.5,
                7.75,
                79,
                79,
                26.447529
            ]
        ],
        "118": [
            [
                5.25,
                5.5,
                77,
                0,
                45.036916
            ]
        ],
        "119": [
            [
                5.75,
                6.0,
                76,
                117,
                150.0
            ]
        ],
        "120": [
            [
                5.5,
                5.75,
                76,
                55,
                104.50142
            ]
        ],
        "121": [
            [
                6.25,
                6.5,
                78,
                12,
                29.290324
            ]
        ],
        "122": [
            [
                7.0,
                7.25,
                77,
                43,
                150.0
            ]
        ],
        "123": [
            [
                6.5,
                6.75,
                78,
                129,
                150.0
            ]
        ],
        "124": [
            [
                6.75,
                7.0,
                75,
                39,
                136.2243
            ]
        ],
        "125": [
            [
                7.5,
                7.75,
                77,
                117,
                48.137107
            ]
        ],
        "126": [
            [
                6.25,
                6.5,
                78,
                11,
                52.007326
            ]
        ],
        "127": [
            [
                6.75,
                7.0,
                76,
                141,
                33.271979
            ]
        ],
        "129": [
            [
                7.25,
                7.5,
                79,
                96,
                150.0
            ]
        ],
        "130": [
            [
                9.75,
                10.0,
                76,
                142,
                150.0
            ]
        ],
        "131": [
            [
                9.5,
                9.75,
                78,
                72,
                133.03377
            ]
        ],
        "132": [
            [
                6.5,
                6.75,
                79,
                34,
                119.32678
            ]
        ],
        "133": [
            [
                8.25,
                8.5,
                76,
                22,
                136.72022
            ]
        ],
        "134": [
            [
                6.5,
                6.75,
                75,
                138,
                126.43591
            ]
        ],
        "135": [
            [
                7.75,
                8.0,
                75,
                26,
                150.0
            ]
        ],
        "136": [
            [
                9.5,
                9.75,
                77,
                22,
                86.904893
            ]
        ],
        "137": [
            [
                10.0,
                10.25,
                77,
                29,
                34.682869
            ]
        ],
        "138": [
            [
                6.75,
                7.0,
                78,
                35,
                150.0
            ]
        ],
        "139": [
            [
                8.5,
                8.75,
                77,
                113,
                94.159472
            ]
        ],
        "140": [
            [
                6.5,
                6.75,
                77,
                132,
                134.11591
            ]
        ],
        "141": [
            [
                7.5,
                7.75,
                75,
                72,
                73.005818
            ]
        ],
        "142": [
            [
                6.75,
                7.0,
                77,
                129,
                84.862681
            ]
        ],
        "143": [
            [
                8.0,
                8.25,
                77,
                38,
                150.0
            ]
        ],
        "144": [
            [
                9.0,
                9.25,
                76,
                40,
                143.96482
            ]
        ],
        "145": [
            [
                7.25,
                7.5,
                78,
                10,
                150.0
            ]
        ],
        "146": [
            [
                6.75,
                7.0,
                76,
                114,
                89.25015
            ]
        ],
        "147": [
            [
                7.25,
                7.5,
                77,
                105,
                126.33471
            ]
        ],
        "148": [
            [
                8.5,
                8.75,
                76,
                6,
                45.665026
            ]
        ],
        "149": [
            [
                10.0,
                10.25,
                78,
                84,
                150.0
            ]
        ],
        "150": [
            [
                7.0,
                7.25,
                76,
                68,
                55.585324
            ]
        ],
        "151": [
            [
                7.0,
                7.25,
                75,
                93,
                85.568472
            ]
        ],
        "152": [
            [
                7.5,
                7.75,
                78,
                131,
                3.9348527
            ]
        ],
        "153": [
            [
                7.0,
                7.25,
                78,
                39,
                137.15788
            ]
        ],
        "155": [
            [
                7.75,
                8.0,
                77,
                146,
                49.727938
            ]
        ],
        "156": [
            [
                7.5,
                7.75,
                76,
                111,
                44.029729
            ]
        ],
        "157": [
            [
                9.5,
                9.75,
                79,
                40,
                34.318648
            ]
        ],
        "158": [
            [
                8.25,
                8.5,
                75,
                70,
                102.59743
            ]
        ],
        "159": [
            [
                8.25,
                8.5,
                75,
                51,
                47.402565
            ]
        ],
        "160": [
            [
                8.0,
                8.25,
                79,
                134,
                94.752798
            ]
        ],
        "161": [
            [
                8.25,
                8.5,
                79,
                149,
                150.0
            ]
        ],
        "162": [
            [
                7.75,
                8.0,
                78,
                103,
                128.86862
            ]
        ],
        "163": [
            [
                7.25,
                7.5,
                75,
                55,
                150.0
            ],
            [
                8.75,
                9.0,
                75,
                59,
                150.0
            ]
        ],
        "164": [
            [
                7.75,
                8.0,
                76,
                69,
                121.40345
            ]
        ],
        "165": [
            [
                8.5,
                8.75,
                78,
                141,
                49.56285
            ]
        ],
        "166": [
            [
                8.5,
                8.75,
                79,
                135,
                109.06985
            ]
        ],
        "167": [
            [
                8.75,
                9.0,
                77,
                97,
                148.61728
            ]
        ],
        "168": [
            [
                7.5,
                7.75,
                78,
                130,
                146.06515
            ]
        ],
        "169": [
            [
                8.0,
                8.25,
                78,
                2,
                150.0
            ]
        ],
        "170": [
            [
                10.25,
                10.5,
                78,
                58,
                133.66474
            ]
        ],
        "171": [
            [
                10.0,
                10.25,
                77,
                64,
                115.31713
            ]
        ],
        "172": [
            [
                8.0,
                8.25,
                76,
                39,
                74.744691
            ]
        ],
        "173": [
            [
                10.75,
                11.0,
                76,
                6,
                100.28725
            ]
        ],
        "174": [
            [
                10.25,
                10.5,
                77,
                32,
                106.57339
            ]
        ],
        "175": [
            [
                10.5,
                10.75,
                75,
                78,
                21.450564
            ]
        ],
        "176": [
            [
                7.5,
                7.75,
                79,
                24,
                79.282572
            ]
        ],
        "177": [
            [
                8.5,
                8.75,
                75,
                48,
                44.393852
            ]
        ],
        "178": [
            [
                9.25,
                9.5,
                77,
                67,
                103.31311
            ]
        ],
        "179": [
            [
                7.75,
                8.0,
                79,
                101,
                150.0
            ]
        ],
        "180": [
            [
                9.75,
                10.0,
                78,
                24,
                150.0
            ],
            [
                10.5,
                10.75,
                77,
                13,
                150.0
            ]
        ],
        "181": [
            [
                8.75,
                9.0,
                76,
                18,
                150.0
            ]
        ],
        "182": [
            [
                8.5,
                8.75,
                79,
                118,
                40.930146
            ]
        ],
        "183": [
            [
                10.0,
                10.25,
                75,
                78,
                111.73183
            ]
        ],
        "184": [
            [
                8.0,
                8.25,
                75,
                22,
                84.680257
            ]
        ],
        "185": [
            [
                9.25,
                9.5,
                75,
                14,
                150.0
            ]
        ],
        "186": [
            [
                9.0,
                9.25,
                77,
                89,
                150.0
            ]
        ],
        "188": [
            [
                9.5,
                9.75,
                78,
                104,
                16.966229
            ]
        ],
        "189": [
            [
                9.5,
                9.75,
                76,
                12,
                97.799693
            ]
        ],
        "190": [
            [
                9.5,
                9.75,
                76,
                134,
                30.366603
            ]
        ],
        "191": [
            [
                9.25,
                9.5,
                79,
                143,
                53.49953
            ]
        ],
        "192": [
            [
                8.5,
                8.75,
                75,
                68,
                78.251853
            ]
        ],
        "193": [
            [
                11.0,
                11.25,
                77,
                54,
                18.237447
            ]
        ],
        "194": [
            [
                9.0,
                9.25,
                78,
                52,
                150.0
            ],
            [
                9.25,
                9.5,
                76,
                137,
                134.89955
            ]
        ],
        "195": [
            [
                8.75,
                9.0,
                79,
                62,
                150.0
            ],
            [
                11.0,
                11.25,
                79,
                7,
                68.067906
            ]
        ],
        "196": [
            [
                9.25,
                9.5,
                79,
                8,
                83.997197
            ]
        ],
        "197": [
            [
                9.75,
                10.0,
                77,
                5,
                54.04671
            ]
        ],
        "198": [
            [
                11.0,
                11.25,
                77,
                116,
                92.436528
            ]
        ],
        "199": [
            [
                9.75,
                10.0,
                77,
                59,
                39.965882
            ]
        ],
        "200": [
            [
                9.0,
                9.25,
                79,
                120,
                150.0
            ]
        ],
        "201": [
            [
                9.5,
                9.75,
                75,
                126,
                84.928811
            ]
        ],
        "202": [
            [
                10.0,
                10.25,
                76,
                47,
                124.11784
            ]
        ],
        "203": [
            [
                10.5,
                10.75,
                76,
                50,
                150.0
            ]
        ],
        "204": [
            [
                9.5,
                9.75,
                79,
                128,
                115.68135
            ]
        ],
        "205": [
            [
                10.5,
                10.75,
                78,
                75,
                150.0
            ]
        ],
        "206": [
            [
                10.0,
                10.25,
                79,
                52,
                35.318124
            ]
        ],
        "208": [
            [
                10.25,
                10.5,
                79,
                27,
                89.685516
            ]
        ],
        "209": [
            [
                10.0,
                10.25,
                79,
                128,
                28.832206
            ]
        ],
        "210": [
            [
                10.5,
                10.75,
                75,
                16,
                128.54944
            ]
        ],
        "211": [
            [
                10.25,
                10.5,
                76,
                69,
                28.520514
            ]
        ],
        "212": [
            [
                10.25,
                10.5,
                75,
                70,
                131.25163
            ]
        ],
        "213": [
            [
                10.25,
                10.5,
                77,
                71,
                28.201644
            ]
        ],
        "214": [
            [
                10.75,
                11.0,
                78,
                41,
                20.542681
            ]
        ],
        "215": [
            [
                11.0,
                11.25,
                78,
                75,
                71.872741
            ]
        ],
        "216": [
            [
                10.75,
                11.0,
                79,
                18,
                150.0
            ]
        ],
        "217": [
            [
                10.75,
                11.0,
                78,
                110,
                104.91283
            ]
        ],
        "218": [
            [
                10.75,
                11.0,
                75,
                102,
                73.772506
            ]
        ],
        "219": [
            [
                10.75,
                11.0,
                75,
                106,
                31.289275
            ]
        ],
        "220": [
            [
                11.0,
                11.25,
                76,
                53,
                109.26767
            ]
        ],
        "221": [
            [
                11.0,
                11.25,
                75,
                67,
                150.0
            ]
        ],
        "222": [
            [
                11.25,
                11.5,
                75,
                90,
                39.719985
            ]
        ],
        "223": [
            [
                11.25,
                11.5,
                77,
                105,
                126.16938
            ],
            [
                11.5,
                11.75,
                77,
                88,
                150.0
            ]
        ],
        "224": [
            [
                11.25,
                11.5,
                76,
                10,
                106.53329
            ]
        ],
        "225": [
            [
                11.25,
                11.5,
                78,
                127,
                52.152898
            ]
        ],
        "227": [
            [
                11.25,
                11.5,
                75,
                30,
                70.936329
            ]
        ],
        "228": [
            [
                11.75,
                12.0,
                78,
                135,
                109.28072
            ]
        ],
        "229": [
            [
                11.5,
                11.75,
                76,
                143,
                84.345194
            ],
            [
                12.5,
                12.75,
                79,
                110,
                150.0
            ]
        ],
        "230": [
            [
                11.5,
                11.75,
                78,
                15,
                50.824143
            ]
        ],
        "231": [
            [
                11.5,
                11.75,
                75,
                118,
                150.0
            ]
        ],
        "232": [
            [
                11.5,
                11.75,
                79,
                45,
                108.37463
            ]
        ],
        "233": [
            [
                11.75,
                12.0,
                75,
                96,
                136.93707
            ]
        ],
        "234": [
            [
                11.75,
                12.0,
                77,
                15,
                93.643685
            ],
            [
                12.25,
                12.5,
                78,
                80,
                150.0
            ]
        ],
        "235": [
            [
                12.0,
                12.25,
                75,
                125,
                60.096307
            ]
        ],
        "236": [
            [
                12.25,
                12.5,
                77,
                52,
                1.1122725
            ]
        ],
        "237": [
            [
                13.75,
                14.0,
                75,
                90,
                140.04556
            ]
        ],
        "238": [
            [
                13.25,
                13.5,
                77,
                142,
                150.0
            ]
        ],
        "239": [
            [
                12.25,
                12.5,
                75,
                32,
                135.92554
            ]
        ],
        "240": [
            [
                12.25,
                12.5,
                77,
                56,
                148.88773
            ]
        ],
        "241": [
            [
                12.0,
                12.25,
                77,
                145,
                98.07756
            ]
        ],
        "242": [
            [
                11.75,
                12.0,
                76,
                107,
                125.67569
            ]
        ],
        "243": [
            [
                12.0,
                12.25,
                79,
                15,
                103.85942
            ]
        ],
        "244": [
            [
                12.5,
                12.75,
                77,
                43,
                48.198184
            ]
        ],
        "245": [
            [
                12.0,
                12.25,
                76,
                75,
                109.69829
            ]
        ],
        "246": [
            [
                12.75,
                13.0,
                79,
                27,
                69.074474
            ]
        ],
        "247": [
            [
                12.0,
                12.25,
                78,
                55,
                150.0
            ]
        ],
        "248": [
            [
                12.0,
                12.25,
                79,
                57,
                46.140584
            ]
        ],
        "249": [
            [
                13.25,
                13.5,
                75,
                20,
                115.27234
            ]
        ],
        "250": [
            [
                12.5,
                12.75,
                75,
                51,
                41.947387
            ]
        ],
        "251": [
            [
                12.75,
                13.0,
                77,
                117,
                18.741414
            ]
        ],
        "252": [
            [
                12.5,
                12.75,
                77,
                72,
                101.80182
            ]
        ],
        "253": [
            [
                12.25,
                12.5,
                79,
                17,
                140.25799
            ]
        ],
        "254": [
            [
                13.5,
                13.75,
                76,
                13,
                150.0
            ]
        ],
        "255": [
            [
                13.0,
                13.25,
                77,
                7,
                150.0
            ]
        ],
        "256": [
            [
                12.5,
                12.75,
                76,
                24,
                94.411422
            ]
        ],
        "257": [
            [
                12.75,
                13.0,
                75,
                85,
                113.70731
            ],
            [
                13.0,
                13.25,
                76,
                79,
                150.0
            ]
        ],
        "258": [
            [
                13.25,
                13.5,
                78,
                92,
                65.448112
            ]
        ],
        "259": [
            [
                12.5,
                12.75,
                76,
                25,
                55.588578
            ]
        ],
        "261": [
            [
                12.5,
                12.75,
                75,
                65,
                108.05261
            ]
        ],
        "262": [
            [
                13.75,
                14.0,
                79,
                2,
                150.0
            ]
        ],
        "263": [
            [
                13.25,
                13.5,
                78,
                41,
                84.551888
            ]
        ],
        "264": [
            [
                12.75,
                13.0,
                78,
                58,
                150.0
            ]
        ],
        "265": [
            [
                12.75,
                13.0,
                76,
                60,
                150.0
            ]
        ],
        "267": [
            [
                13.0,
                13.25,
                79,
                41,
                150.0
            ]
        ],
        "268": [
            [
                13.25,
                13.5,
                79,
                144,
                150.0
            ]
        ],
        "269": [
            [
                13.0,
                13.25,
                78,
                106,
                150.0
            ]
        ],
        "272": [
            [
                13.75,
                14.0,
                76,
                129,
                102.23456
            ]
        ],
        "273": [
            [
                13.75,
                14.0,
                78,
                86,
                79.439564
            ]
        ],
        "274": [
            [
                13.5,
                13.75,
                79,
                124,
                84.283069
            ],
            [
                13.75,
                14.0,
                77,
                121,
                128.28031
            ]
        ],
        "275": [
            [
                13.25,
                13.5,
                76,
                86,
                34.727657
            ]
        ],
        "277": [
            [
                13.5,
                13.75,
                77,
                148,
                99.633963
            ]
        ],
        "281": [
            [
                13.5,
                13.75,
                78,
                75,
                149.2585
            ]
        ]
    },
    "extra_info": {
        "rejected_details": {
            "11": {
                "required_energy": 17.0721377169898,
                "delivered_energy": 0,
                "unmet_energy": 17.0721377169898,
                "penalty_cost": 17072.1377169898
            },
            "14": {
                "required_energy": 14.873287621769874,
                "delivered_energy": 8.500768,
                "unmet_energy": 6.372519621769873,
                "penalty_cost": 6372.519621769873
            },
            "26": {
                "required_energy": 18.15622366708026,
                "delivered_energy": 0,
                "unmet_energy": 18.15622366708026,
                "penalty_cost": 18156.22366708026
            },
            "40": {
                "required_energy": 24.29064736347098,
                "delivered_energy": 18.753787,
                "unmet_energy": 5.536860363470982,
                "penalty_cost": 5536.8603634709825
            },
            "57": {
                "required_energy": 23.472958112177274,
                "delivered_energy": 20.543346,
                "unmet_energy": 2.9296121121772742,
                "penalty_cost": 2929.6121121772744
            },
            "70": {
                "required_energy": 33.33343744204015,
                "delivered_energy": 15.203699,
                "unmet_energy": 18.12973844204015,
                "penalty_cost": 18129.73844204015
            },
            "71": {
                "required_energy": 15.308971022358861,
                "delivered_energy": 0,
                "unmet_energy": 15.308971022358861,
                "penalty_cost": 15308.97102235886
            },
            "106": {
                "required_energy": 6.5454458032343386,
                "delivered_energy": 0,
                "unmet_energy": 6.5454458032343386,
                "penalty_cost": 6545.445803234338
            },
            "113": {
                "required_energy": 35.31200613731908,
                "delivered_energy": 0,
                "unmet_energy": 35.31200613731908,
                "penalty_cost": 35312.006137319084
            },
            "128": {
                "required_energy": 8.303085326355523,
                "delivered_energy": 0,
                "unmet_energy": 8.303085326355523,
                "penalty_cost": 8303.085326355524
            },
            "152": {
                "required_energy": 13.427488462641417,
                "delivered_energy": 3.9348527,
                "unmet_energy": 9.492635762641417,
                "penalty_cost": 9492.635762641417
            },
            "154": {
                "required_energy": 7.831880356580974,
                "delivered_energy": 0,
                "unmet_energy": 7.831880356580974,
                "penalty_cost": 7831.880356580974
            },
            "187": {
                "required_energy": 26.184437417029336,
                "delivered_energy": 0,
                "unmet_energy": 26.184437417029336,
                "penalty_cost": 26184.437417029338
            },
            "207": {
                "required_energy": 14.656965306841144,
                "delivered_energy": 0,
                "unmet_energy": 14.656965306841144,
                "penalty_cost": 14656.965306841144
            },
            "226": {
                "required_energy": 27.23330148714279,
                "delivered_energy": 0,
                "unmet_energy": 27.23330148714279,
                "penalty_cost": 27233.301487142788
            },
            "236": {
                "required_energy": 11.24494999025878,
                "delivered_energy": 1.1122725,
                "unmet_energy": 10.13267749025878,
                "penalty_cost": 10132.67749025878
            },
            "260": {
                "required_energy": 71.97905752110432,
                "delivered_energy": 0,
                "unmet_energy": 71.97905752110432,
                "penalty_cost": 71979.05752110432
            },
            "266": {
                "required_energy": 87.26497061931731,
                "delivered_energy": 0,
                "unmet_energy": 87.26497061931731,
                "penalty_cost": 87264.9706193173
            },
            "270": {
                "required_energy": 29.840801868407684,
                "delivered_energy": 0,
                "unmet_energy": 29.840801868407684,
                "penalty_cost": 29840.801868407685
            },
            "271": {
                "required_energy": 29.905491652479512,
                "delivered_energy": 0,
                "unmet_energy": 29.905491652479512,
                "penalty_cost": 29905.49165247951
            },
            "276": {
                "required_energy": 4.547698661969054,
                "delivered_energy": 0,
                "unmet_energy": 4.547698661969054,
                "penalty_cost": 4547.698661969054
            },
            "278": {
                "required_energy": 9.455381438953411,
                "delivered_energy": 0,
                "unmet_energy": 9.455381438953411,
                "penalty_cost": 9455.38143895341
            },
            "279": {
                "required_energy": 28.562976251153355,
                "delivered_energy": 0,
                "unmet_energy": 28.562976251153355,
                "penalty_cost": 28562.976251153355
            },
            "280": {
                "required_energy": 4.797419388260117,
                "delivered_energy": 0,
                "unmet_energy": 4.797419388260117,
                "penalty_cost": 4797.419388260117
            },
            "282": {
                "required_energy": 33.97006944575456,
                "delivered_energy": 0,
                "unmet_energy": 33.97006944575456,
                "penalty_cost": 33970.06944575456
            },
            "283": {
                "required_energy": 7.580518429302363,
                "delivered_energy": 0,
                "unmet_energy": 7.580518429302363,
                "penalty_cost": 7580.518429302363
            },
            "284": {
                "required_energy": 34.52812176560511,
                "delivered_energy": 0,
                "unmet_energy": 34.52812176560511,
                "penalty_cost": 34528.12176560511
            }
        },
        "milp_time": 3946.8591587543488,
        "total_time": 4037.235005378723
    }
}