{
    "schedule": {
        "0": [
            [
                2.25,
                2.5,
                84,
                99,
                12.556231
            ]
        ],
        "1": [
            [
                4.75,
                5.0,
                82,
                83,
                28.070218
            ]
        ],
        "3": [
            [
                3.5,
                3.75,
                84,
                127,
                120.83365
            ]
        ],
        "4": [
            [
                1.75,
                2.0,
                79,
                56,
                45.678479
            ],
            [
                2.0,
                2.25,
                82,
                194,
                94.78501
            ]
        ],
        "5": [
            [
                2.0,
                2.25,
                84,
                91,
                13.992254
            ]
        ],
        "6": [
            [
                3.0,
                3.25,
                81,
                43,
                130.54134
            ]
        ],
        "7": [
            [
                2.0,
                2.25,
                82,
                175,
                33.740991
            ]
        ],
        "9": [
            [
                2.5,
                2.75,
                81,
                83,
                39.321416
            ]
        ],
        "10": [
            [
                2.75,
                3.0,
                73,
                1,
                4.2911601
            ],
            [
                3.25,
                3.5,
                82,
                108,
                150.0
            ]
        ],
        "11": [
            [
                2.25,
                2.5,
                83,
                191,
                121.04157
            ]
        ],
        "12": [
            [
                2.75,
                3.0,
                81,
                6,
                49.899522
            ]
        ],
        "13": [
            [
                2.25,
                2.5,
                80,
                158,
                148.73189
            ]
        ],
        "14": [
            [
                3.25,
                3.5,
                80,
                159,
                28.827635
            ]
        ],
        "15": [
            [
                1.75,
                2.0,
                81,
                103,
                75.143445
            ]
        ],
        "16": [
            [
                3.25,
                3.5,
                80,
                185,
                29.555332
            ]
        ],
        "17": [
            [
                2.25,
                2.5,
                72,
                63,
                25.091993
            ]
        ],
        "18": [
            [
                2.25,
                2.5,
                83,
                141,
                28.958434
            ]
        ],
        "19": [
            [
                4.0,
                4.25,
                81,
                36,
                20.15482
            ]
        ],
        "20": [
            [
                3.0,
                3.25,
                83,
                60,
                36.975226
            ]
        ],
        "21": [
            [
                1.75,
                2.0,
                82,
                150,
                108.18751
            ]
        ],
        "22": [
            [
                1.75,
                2.0,
                80,
                158,
                116.72815
            ]
        ],
        "23": [
            [
                2.5,
                2.75,
                81,
                159,
                50.570543
            ]
        ],
        "24": [
            [
                2.5,
                2.75,
                83,
                101,
                146.38213
            ]
        ],
        "25": [
            [
                2.75,
                3.0,
                82,
                74,
                48.624178
            ]
        ],
        "26": [
            [
                4.5,
                4.75,
                82,
                135,
                90.080866
            ]
        ],
        "27": [
            [
                3.75,
                4.0,
                81,
                106,
                21.063894
            ]
        ],
        "29": [
            [
                1.75,
                2.0,
                84,
                120,
                145.59189
            ]
        ],
        "30": [
            [
                2.0,
                2.25,
                81,
                111,
                121.56092
            ]
        ],
        "31": [
            [
                2.0,
                2.25,
                80,
                103,
                29.334016
            ]
        ],
        "32": [
            [
                2.0,
                2.25,
                80,
                170,
                108.06907
            ]
        ],
        "33": [
            [
                3.75,
                4.0,
                80,
                97,
                150.0
            ]
        ],
        "34": [
            [
                2.25,
                2.5,
                81,
                163,
                141.63129
            ]
        ],
        "35": [
            [
                2.0,
                2.25,
                82,
                3,
                21.473999
            ]
        ],
        "36": [
            [
                1.75,
                2.0,
                80,
                87,
                33.271846
            ]
        ],
        "37": [
            [
                3.75,
                4.0,
                81,
                87,
                47.790713
            ]
        ],
        "38": [
            [
                2.0,
                2.25,
                78,
                85,
                46.384168
            ],
            [
                3.5,
                3.75,
                70,
                169,
                50.0
            ]
        ],
        "39": [
            [
                2.75,
                3.0,
                82,
                89,
                43.410713
            ]
        ],
        "40": [
            [
                3.0,
                3.25,
                84,
                28,
                63.510054
            ]
        ],
        "41": [
            [
                2.5,
                2.75,
                75,
                84,
                45.409169
            ],
            [
                3.25,
                3.5,
                84,
                103,
                150.0
            ]
        ],
        "42": [
            [
                1.75,
                2.0,
                82,
                22,
                41.812486
            ]
        ],
        "43": [
            [
                2.0,
                2.25,
                83,
                193,
                86.95419
            ],
            [
                4.25,
                4.5,
                84,
                63,
                150.0
            ]
        ],
        "44": [
            [
                2.75,
                3.0,
                83,
                122,
                150.0
            ]
        ],
        "45": [
            [
                2.25,
                2.5,
                84,
                106,
                137.44377
            ]
        ],
        "46": [
            [
                2.5,
                2.75,
                82,
                99,
                150.0
            ]
        ],
        "47": [
            [
                2.0,
                2.25,
                84,
                0,
                136.00775
            ]
        ],
        "48": [
            [
                4.25,
                4.5,
                82,
                87,
                80.288151
            ]
        ],
        "49": [
            [
                2.5,
                2.75,
                84,
                188,
                43.892187
            ]
        ],
        "50": [
            [
                2.75,
                3.0,
                84,
                138,
                97.496773
            ]
        ],
        "51": [
            [
                2.5,
                2.75,
                80,
                180,
                104.07636
            ]
        ],
        "52": [
            [
                2.5,
                2.75,
                84,
                193,
                106.10781
            ]
        ],
        "53": [
            [
                2.75,
                3.0,
                82,
                31,
                57.96511
            ]
        ],
        "54": [
            [
                4.0,
                4.25,
                81,
                124,
                129.84518
            ]
        ],
        "55": [
            [
                2.25,
                2.5,
                82,
                129,
                150.0
            ]
        ],
        "56": [
            [
                3.25,
                3.5,
                83,
                182,
                150.0
            ]
        ],
        "57": [
            [
                3.0,
                3.25,
                80,
                116,
                64.653961
            ]
        ],
        "58": [
            [
                3.5,
                3.75,
                82,
                30,
                121.36945
            ]
        ],
        "59": [
            [
                4.0,
                4.25,
                82,
                182,
                52.978646
            ]
        ],
        "60": [
            [
                2.5,
                2.75,
                80,
                109,
                45.923636
            ]
        ],
        "61": [
            [
                3.0,
                3.25,
                80,
                162,
                85.346039
            ],
            [
                4.25,
                4.5,
                83,
                99,
                127.26982
            ]
        ],
        "62": [
            [
                2.5,
                2.75,
                81,
                48,
                30.93008
            ]
        ],
        "63": [
            [
                3.25,
                3.5,
                75,
                151,
                50.0
            ],
            [
                4.0,
                4.25,
                80,
                143,
                125.65358
            ]
        ],
        "64": [
            [
                3.0,
                3.25,
                76,
                94,
                50.0
            ],
            [
                3.75,
                4.0,
                84,
                76,
                150.0
            ],
            [
                4.5,
                4.75,
                81,
                179,
                59.733052
            ]
        ],
        "65": [
            [
                3.5,
                3.75,
                83,
                71,
                114.11493
            ]
        ],
        "66": [
            [
                4.25,
                4.5,
                80,
                168,
                150.0
            ]
        ],
        "67": [
            [
                3.25,
                3.5,
                81,
                41,
                1.2576095
            ]
        ],
        "68": [
            [
                2.75,
                3.0,
                81,
                144,
                88.498409
            ]
        ],
        "69": [
            [
                2.75,
                3.0,
                80,
                197,
                150.0
            ]
        ],
        "70": [
            [
                3.5,
                3.75,
                84,
                48,
                29.166353
            ]
        ],
        "71": [
            [
                3.5,
                3.75,
                81,
                76,
                44.77107
            ],
            [
                3.75,
                4.0,
                83,
                119,
                150.0
            ]
        ],
        "72": [
            [
                3.0,
                3.25,
                84,
                171,
                86.489946
            ],
            [
                4.0,
                4.25,
                83,
                52,
                125.25489
            ]
        ],
        "73": [
            [
                3.25,
                3.5,
                80,
                34,
                91.617033
            ]
        ],
        "74": [
            [
                3.5,
                3.75,
                80,
                116,
                109.17266
            ]
        ],
        "75": [
            [
                3.0,
                3.25,
                83,
                117,
                72.87924
            ],
            [
                3.75,
                4.0,
                82,
                105,
                95.81917
            ]
        ],
        "76": [
            [
                4.5,
                4.75,
                83,
                84,
                150.0
            ]
        ],
        "77": [
            [
                3.0,
                3.25,
                82,
                176,
                150.0
            ]
        ],
        "78": [
            [
                3.75,
                4.0,
                76,
                143,
                50.0
            ],
            [
                4.5,
                4.75,
                80,
                189,
                112.07436
            ]
        ],
        "79": [
            [
                5.0,
                5.25,
                80,
                143,
                83.632756
            ]
        ],
        "80": [
            [
                3.75,
                4.0,
                82,
                63,
                54.18083
            ]
        ],
        "81": [
            [
                4.0,
                4.25,
                84,
                123,
                150.0
            ]
        ],
        "82": [
            [
                3.25,
                3.5,
                81,
                191,
                148.74239
            ]
        ],
        "83": [
            [
                3.5,
                3.75,
                81,
                160,
                67.625069
            ]
        ],
        "84": [
            [
                5.0,
                5.25,
                80,
                6,
                44.921974
            ]
        ],
        "85": [
            [
                4.0,
                4.25,
                77,
                165,
                50.0
            ]
        ],
        "86": [
            [
                4.5,
                4.75,
                84,
                166,
                150.0
            ]
        ],
        "87": [
            [
                3.75,
                4.0,
                81,
                110,
                38.819362
            ]
        ],
        "88": [
            [
                4.25,
                4.5,
                79,
                172,
                50.0
            ],
            [
                5.25,
                5.5,
                80,
                111,
                86.404571
            ]
        ],
        "89": [
            [
                4.5,
                4.75,
                81,
                158,
                90.266948
            ]
        ],
        "90": [
            [
                3.75,
                4.0,
                81,
                31,
                19.023363
            ]
        ],
        "91": [
            [
                4.0,
                4.25,
                83,
                136,
                24.745109
            ]
        ],
        "92": [
            [
                4.75,
                5.0,
                81,
                92,
                150.0
            ]
        ],
        "93": [
            [
                4.75,
                5.0,
                82,
                61,
                40.42819
            ]
        ],
        "94": [
            [
                4.25,
                4.5,
                81,
                85,
                150.0
            ],
            [
                5.0,
                5.25,
                83,
                126,
                58.197995
            ]
        ],
        "95": [
            [
                5.0,
                5.25,
                80,
                150,
                21.44527
            ]
        ],
        "96": [
            [
                4.25,
                4.5,
                82,
                55,
                41.214734
            ]
        ],
        "97": [
            [
                5.5,
                5.75,
                84,
                165,
                73.602904
            ]
        ],
        "98": [
            [
                7.75,
                8.0,
                80,
                143,
                62.531905
            ]
        ],
        "99": [
            [
                4.5,
                4.75,
                79,
                59,
                50.0
            ],
            [
                4.75,
                5.0,
                79,
                152,
                50.0
            ],
            [
                5.25,
                5.5,
                81,
                4,
                127.62449
            ]
        ],
        "100": [
            [
                5.25,
                5.5,
                83,
                24,
                150.0
            ]
        ],
        "101": [
            [
                5.0,
                5.25,
                82,
                190,
                150.0
            ]
        ],
        "102": [
            [
                4.75,
                5.0,
                84,
                14,
                150.0
            ],
            [
                5.0,
                5.25,
                84,
                163,
                80.086084
            ]
        ],
        "103": [
            [
                4.75,
                5.0,
                80,
                136,
                146.64577
            ]
        ],
        "104": [
            [
                5.5,
                5.75,
                83,
                57,
                111.33844
            ]
        ],
        "106": [
            [
                5.0,
                5.25,
                78,
                195,
                50.0
            ],
            [
                5.25,
                5.5,
                70,
                134,
                50.0
            ]
        ],
        "107": [
            [
                5.0,
                5.25,
                81,
                91,
                150.0
            ],
            [
                5.25,
                5.5,
                82,
                110,
                150.0
            ]
        ],
        "108": [
            [
                8.0,
                8.25,
                82,
                195,
                63.185096
            ]
        ],
        "109": [
            [
                5.25,
                5.5,
                84,
                147,
                150.0
            ]
        ],
        "110": [
            [
                5.5,
                5.75,
                84,
                21,
                54.538693
            ]
        ],
        "111": [
            [
                5.5,
                5.75,
                82,
                112,
                124.53933
            ]
        ],
        "112": [
            [
                7.75,
                8.0,
                84,
                145,
                23.604284
            ]
        ],
        "114": [
            [
                8.0,
                8.25,
                81,
                92,
                54.887625
            ]
        ],
        "115": [
            [
                8.25,
                8.5,
                84,
                107,
                76.381085
            ]
        ],
        "116": [
            [
                8.25,
                8.5,
                72,
                61,
                50.0
            ],
            [
                9.5,
                9.75,
                74,
                10,
                50.0
            ]
        ],
        "117": [
            [
                7.5,
                7.75,
                84,
                28,
                24.999613
            ]
        ],
        "118": [
            [
                8.75,
                9.0,
                76,
                110,
                50.0
            ],
            [
                10.0,
                10.25,
                84,
                3,
                146.03241
            ]
        ],
        "120": [
            [
                7.75,
                8.0,
                80,
                116,
                54.840756
            ],
            [
                8.0,
                8.25,
                83,
                158,
                150.0
            ],
            [
                9.25,
                9.5,
                80,
                77,
                150.0
            ]
        ],
        "121": [
            [
                7.75,
                8.0,
                81,
                99,
                87.039562
            ]
        ],
        "122": [
            [
                8.0,
                8.25,
                80,
                64,
                123.0355
            ]
        ],
        "123": [
            [
                10.0,
                10.25,
                80,
                84,
                60.825247
            ]
        ],
        "124": [
            [
                7.5,
                7.75,
                83,
                107,
                52.877715
            ]
        ],
        "125": [
            [
                7.75,
                8.0,
                83,
                151,
                35.776131
            ]
        ],
        "126": [
            [
                8.5,
                8.75,
                81,
                131,
                22.733334
            ]
        ],
        "127": [
            [
                7.5,
                7.75,
                84,
                95,
                122.46306
            ]
        ],
        "128": [
            [
                9.75,
                10.0,
                83,
                105,
                150.0
            ]
        ],
        "129": [
            [
                8.0,
                8.25,
                80,
                89,
                20.422325
            ]
        ],
        "130": [
            [
                7.5,
                7.75,
                81,
                58,
                150.0
            ],
            [
                9.75,
                10.0,
                80,
                143,
                150.0
            ]
        ],
        "131": [
            [
                7.5,
                7.75,
                82,
                121,
                109.80903
            ]
        ],
        "132": [
            [
                7.5,
                7.75,
                79,
                38,
                50.0
            ]
        ],
        "133": [
            [
                7.75,
                8.0,
                83,
                88,
                114.22387
            ]
        ],
        "134": [
            [
                8.25,
                8.5,
                81,
                49,
                150.0
            ]
        ],
        "135": [
            [
                7.75,
                8.0,
                80,
                9,
                32.627339
            ]
        ],
        "136": [
            [
                7.75,
                8.0,
                71,
                82,
                31.082913
            ],
            [
                8.0,
                8.25,
                82,
                138,
                86.814904
            ]
        ],
        "137": [
            [
                10.25,
                10.5,
                81,
                12,
                67.388991
            ]
        ],
        "138": [
            [
                8.25,
                8.5,
                82,
                175,
                150.0
            ]
        ],
        "139": [
            [
                7.5,
                7.75,
                80,
                114,
                138.46083
            ]
        ],
        "140": [
            [
                7.75,
                8.0,
                84,
                115,
                126.39572
            ]
        ],
        "141": [
            [
                8.25,
                8.5,
                83,
                194,
                131.36287
            ]
        ],
        "142": [
            [
                11.25,
                11.5,
                81,
                170,
                65.06221
            ]
        ],
        "143": [
            [
                8.25,
                8.5,
                84,
                177,
                48.749397
            ],
            [
                8.75,
                9.0,
                84,
                144,
                150.0
            ],
            [
                9.0,
                9.25,
                80,
                126,
                150.0
            ]
        ],
        "144": [
            [
                7.75,
                8.0,
                82,
                38,
                138.08368
            ]
        ],
        "145": [
            [
                8.5,
                8.75,
                83,
                151,
                150.0
            ]
        ],
        "146": [
            [
                10.5,
                10.75,
                83,
                73,
                98.828814
            ]
        ],
        "147": [
            [
                10.25,
                10.5,
                80,
                188,
                95.199209
            ]
        ],
        "148": [
            [
                10.75,
                11.0,
                84,
                185,
                121.14909
            ]
        ],
        "149": [
            [
                7.75,
                8.0,
                81,
                3,
                62.960438
            ]
        ],
        "151": [
            [
                8.25,
                8.5,
                80,
                91,
                26.858775
            ]
        ],
        "152": [
            [
                8.75,
                9.0,
                83,
                182,
                150.0
            ]
        ],
        "154": [
            [
                8.0,
                8.25,
                84,
                78,
                150.0
            ]
        ],
        "155": [
            [
                8.25,
                8.5,
                80,
                19,
                123.14123
            ]
        ],
        "156": [
            [
                9.5,
                9.75,
                83,
                56,
                150.0
            ],
            [
                10.75,
                11.0,
                81,
                99,
                49.361275
            ]
        ],
        "157": [
            [
                8.5,
                8.75,
                81,
                97,
                127.26667
            ]
        ],
        "158": [
            [
                8.0,
                8.25,
                71,
                181,
                45.3241
            ]
        ],
        "159": [
            [
                10.0,
                10.25,
                81,
                7,
                150.0
            ]
        ],
        "161": [
            [
                8.5,
                8.75,
                74,
                176,
                50.0
            ],
            [
                8.75,
                9.0,
                80,
                116,
                146.4215
            ]
        ],
        "162": [
            [
                11.0,
                11.25,
                80,
                112,
                31.330858
            ]
        ],
        "163": [
            [
                8.75,
                9.0,
                81,
                90,
                150.0
            ]
        ],
        "164": [
            [
                9.0,
                9.25,
                83,
                70,
                150.0
            ]
        ],
        "165": [
            [
                11.0,
                11.25,
                80,
                50,
                110.28683
            ]
        ],
        "166": [
            [
                8.5,
                8.75,
                82,
                117,
                50.37852
            ]
        ],
        "167": [
            [
                9.0,
                9.25,
                81,
                80,
                150.0
            ]
        ],
        "168": [
            [
                9.5,
                9.75,
                80,
                44,
                150.0
            ]
        ],
        "170": [
            [
                9.5,
                9.75,
                84,
                126,
                150.0
            ]
        ],
        "171": [
            [
                11.0,
                11.25,
                81,
                76,
                61.630993
            ]
        ],
        "172": [
            [
                8.5,
                8.75,
                80,
                161,
                71.149792
            ]
        ],
        "173": [
            [
                9.75,
                10.0,
                81,
                117,
                144.05213
            ]
        ],
        "174": [
            [
                10.25,
                10.5,
                83,
                140,
                29.076529
            ]
        ],
        "175": [
            [
                9.25,
                9.5,
                79,
                193,
                50.0
            ]
        ],
        "176": [
            [
                9.25,
                9.5,
                83,
                131,
                150.0
            ],
            [
                11.0,
                11.25,
                74,
                58,
                50.0
            ]
        ],
        "177": [
            [
                8.5,
                8.75,
                82,
                172,
                77.40805
            ]
        ],
        "178": [
            [
                8.75,
                9.0,
                82,
                194,
                150.0
            ]
        ],
        "179": [
            [
                8.5,
                8.75,
                84,
                146,
                150.0
            ],
            [
                9.0,
                9.25,
                84,
                130,
                150.0
            ]
        ],
        "180": [
            [
                9.25,
                9.5,
                81,
                88,
                125.18704
            ]
        ],
        "181": [
            [
                8.75,
                9.0,
                80,
                11,
                3.578498
            ]
        ],
        "182": [
            [
                10.25,
                10.5,
                84,
                168,
                75.683439
            ]
        ],
        "183": [
            [
                9.0,
                9.25,
                82,
                162,
                89.149169
            ]
        ],
        "184": [
            [
                9.75,
                10.0,
                75,
                176,
                50.0
            ],
            [
                11.25,
                11.5,
                81,
                128,
                84.93779
            ]
        ],
        "185": [
            [
                11.0,
                11.25,
                84,
                41,
                68.187837
            ]
        ],
        "186": [
            [
                10.25,
                10.5,
                80,
                194,
                51.915144
            ]
        ],
        "187": [
            [
                10.75,
                11.0,
                84,
                14,
                28.850909
            ]
        ],
        "188": [
            [
                10.25,
                10.5,
                84,
                93,
                37.175605
            ]
        ],
        "189": [
            [
                10.25,
                10.5,
                82,
                161,
                11.524443
            ]
        ],
        "190": [
            [
                9.25,
                9.5,
                84,
                117,
                87.416938
            ]
        ],
        "191": [
            [
                11.0,
                11.25,
                81,
                93,
                49.902783
            ]
        ],
        "192": [
            [
                10.75,
                11.0,
                73,
                171,
                33.592635
            ]
        ],
        "193": [
            [
                9.0,
                9.25,
                74,
                68,
                28.52835
            ],
            [
                10.0,
                10.25,
                83,
                61,
                150.0
            ]
        ],
        "194": [
            [
                9.75,
                10.0,
                84,
                34,
                150.0
            ]
        ],
        "195": [
            [
                9.25,
                9.5,
                82,
                19,
                91.823149
            ]
        ],
        "196": [
            [
                10.25,
                10.5,
                82,
                130,
                138.47556
            ]
        ],
        "197": [
            [
                10.5,
                10.75,
                81,
                148,
                131.87999
            ]
        ],
        "198": [
            [
                9.5,
                9.75,
                81,
                87,
                136.5513
            ]
        ],
        "199": [
            [
                11.5,
                11.75,
                81,
                110,
                119.61361
            ]
        ],
        "200": [
            [
                9.5,
                9.75,
                82,
                31,
                101.16764
            ]
        ],
        "201": [
            [
                11.0,
                11.25,
                83,
                195,
                136.02457
            ]
        ],
        "202": [
            [
                10.5,
                10.75,
                84,
                155,
                90.691778
            ]
        ],
        "203": [
            [
                10.25,
                10.5,
                76,
                116,
                50.0
            ]
        ],
        "204": [
            [
                11.0,
                11.25,
                82,
                68,
                150.0
            ]
        ],
        "205": [
            [
                9.75,
                10.0,
                82,
                4,
                93.560021
            ]
        ],
        "206": [
            [
                11.5,
                11.75,
                84,
                129,
                150.0
            ]
        ],
        "207": [
            [
                10.75,
                11.0,
                82,
                72,
                57.612412
            ]
        ],
        "208": [
            [
                10.75,
                11.0,
                83,
                13,
                52.215363
            ]
        ],
        "209": [
            [
                10.0,
                10.25,
                82,
                39,
                150.0
            ]
        ],
        "210": [
            [
                10.75,
                11.0,
                83,
                64,
                97.784637
            ]
        ],
        "211": [
            [
                10.0,
                10.25,
                75,
                156,
                50.0
            ],
            [
                11.25,
                11.5,
                80,
                120,
                150.0
            ]
        ],
        "212": [
            [
                10.5,
                10.75,
                82,
                46,
                86.618965
            ]
        ],
        "213": [
            [
                10.5,
                10.75,
                84,
                150,
                59.308222
            ]
        ],
        "214": [
            [
                10.75,
                11.0,
                80,
                144,
                150.0
            ]
        ],
        "215": [
            [
                10.5,
                10.75,
                80,
                124,
                150.0
            ]
        ],
        "216": [
            [
                11.25,
                11.5,
                82,
                118,
                114.40447
            ]
        ],
        "217": [
            [
                11.25,
                11.5,
                76,
                58,
                50.0
            ],
            [
                11.5,
                11.75,
                74,
                179,
                49.156784
            ]
        ],
        "218": [
            [
                10.5,
                10.75,
                78,
                111,
                33.925422
            ]
        ],
        "219": [
            [
                11.25,
                11.5,
                83,
                132,
                142.21132
            ]
        ],
        "220": [
            [
                11.5,
                11.75,
                83,
                57,
                150.0
            ]
        ],
        "221": [
            [
                11.5,
                11.75,
                82,
                140,
                150.0
            ]
        ],
        "222": [
            [
                11.25,
                11.5,
                84,
                177,
                150.0
            ]
        ],
        "224": [
            [
                11.5,
                11.75,
                80,
                123,
                56.06981
            ]
        ],
        "225": [
            [
                11.75,
                12.0,
                81,
                166,
                29.558678
            ]
        ],
        "226": [
            [
                11.75,
                12.0,
                82,
                167,
                150.0
            ]
        ],
        "227": [
            [
                11.75,
                12.0,
                77,
                108,
                50.0
            ],
            [
                12.0,
                12.25,
                83,
                49,
                31.497894
            ]
        ],
        "228": [
            [
                11.75,
                12.0,
                84,
                179,
                64.518666
            ]
        ],
        "229": [
            [
                11.75,
                12.0,
                81,
                138,
                38.629321
            ]
        ],
        "230": [
            [
                11.75,
                12.0,
                83,
                78,
                98.506866
            ]
        ],
        "231": [
            [
                11.75,
                12.0,
                80,
                125,
                150.0
            ],
            [
                12.0,
                12.25,
                83,
                161,
                118.50211
            ]
        ],
        "232": [
            [
                11.75,
                12.0,
                84,
                114,
                51.76554
            ]
        ],
        "233": [
            [
                11.75,
                12.0,
                83,
                154,
                51.493134
            ]
        ],
        "234": [
            [
                11.75,
                12.0,
                81,
                173,
                81.812001
            ]
        ],
        "235": [
            [
                12.0,
                12.25,
                80,
                141,
                85.015248
            ]
        ],
        "236": [
            [
                12.0,
                12.25,
                82,
                136,
                51.569631
            ]
        ],
        "237": [
            [
                12.0,
                12.25,
                80,
                53,
                30.527626
            ]
        ],
        "238": [
            [
                12.0,
                12.25,
                84,
                127,
                99.760682
            ]
        ],
        "239": [
            [
                12.0,
                12.25,
                84,
                104,
                33.235102
            ]
        ],
        "240": [
            [
                12.25,
                12.5,
                80,
                57,
                150.0
            ]
        ],
        "241": [
            [
                12.25,
                12.5,
                81,
                153,
                56.593486
            ]
        ],
        "242": [
            [
                12.25,
                12.5,
                83,
                58,
                134.15605
            ]
        ],
        "243": [
            [
                12.25,
                12.5,
                81,
                2,
                76.052583
            ]
        ],
        "244": [
            [
                12.25,
                12.5,
                82,
                46,
                86.983789
            ]
        ],
        "245": [
            [
                12.5,
                12.75,
                84,
                14,
                47.349803
            ]
        ],
        "246": [
            [
                12.5,
                12.75,
                81,
                136,
                116.71714
            ]
        ],
        "247": [
            [
                12.5,
                12.75,
                83,
                96,
                90.077726
            ]
        ],
        "248": [
            [
                12.5,
                12.75,
                80,
                52,
                150.0
            ],
            [
                13.0,
                13.25,
                80,
                148,
                89.273967
            ]
        ],
        "249": [
            [
                12.5,
                12.75,
                84,
                92,
                34.618537
            ]
        ],
        "250": [
            [
                12.5,
                12.75,
                82,
                70,
                15.799867
            ]
        ],
        "251": [
            [
                12.5,
                12.75,
                81,
                107,
                33.28286
            ]
        ],
        "252": [
            [
                12.5,
                12.75,
                82,
                85,
                134.20013
            ]
        ],
        "253": [
            [
                13.0,
                13.25,
                81,
                133,
                63.602152
            ]
        ],
        "254": [
            [
                13.0,
                13.25,
                83,
                106,
                74.318737
            ]
        ],
        "255": [
            [
                13.0,
                13.25,
                84,
                122,
                41.041857
            ]
        ],
        "256": [
            [
                12.75,
                13.0,
                80,
                73,
                150.0
            ]
        ],
        "257": [
            [
                13.0,
                13.25,
                84,
                9,
                108.95814
            ]
        ],
        "258": [
            [
                12.75,
                13.0,
                82,
                24,
                142.17678
            ],
            [
                13.0,
                13.25,
                73,
                101,
                50.0
            ]
        ],
        "259": [
            [
                13.25,
                13.5,
                84,
                11,
                44.962228
            ]
        ],
        "260": [
            [
                13.25,
                13.5,
                81,
                22,
                10.783868
            ]
        ],
        "261": [
            [
                13.0,
                13.25,
                82,
                83,
                54.017676
            ]
        ],
        "262": [
            [
                13.0,
                13.25,
                82,
                181,
                95.982324
            ]
        ],
        "263": [
            [
                13.0,
                13.25,
                77,
                105,
                46.790046
            ],
            [
                13.25,
                13.5,
                82,
                136,
                113.84257
            ]
        ],
        "264": [
            [
                13.25,
                13.5,
                82,
                85,
                36.157429
            ]
        ],
        "265": [
            [
                13.25,
                13.5,
                81,
                3,
                139.21613
            ]
        ],
        "266": [
            [
                13.25,
                13.5,
                80,
                41,
                150.0
            ]
        ],
        "267": [
            [
                13.25,
                13.5,
                77,
                66,
                25.453963
            ],
            [
                13.75,
                14.0,
                70,
                4,
                50.0
            ]
        ],
        "269": [
            [
                13.5,
                13.75,
                83,
                57,
                132.49699
            ]
        ],
        "271": [
            [
                13.25,
                13.5,
                84,
                10,
                105.03777
            ]
        ],
        "272": [
            [
                13.25,
                13.5,
                83,
                118,
                126.15615
            ]
        ],
        "273": [
            [
                13.5,
                13.75,
                80,
                13,
                84.531493
            ]
        ],
        "274": [
            [
                13.5,
                13.75,
                82,
                155,
                150.0
            ]
        ],
        "275": [
            [
                13.5,
                13.75,
                78,
                98,
                45.225798
            ],
            [
                13.75,
                14.0,
                82,
                184,
                150.0
            ]
        ],
        "276": [
            [
                13.5,
                13.75,
                84,
                170,
                150.0
            ]
        ],
        "277": [
            [
                13.5,
                13.75,
                80,
                137,
                65.468507
            ]
        ],
        "278": [
            [
                13.75,
                14.0,
                83,
                132,
                133.71738
            ]
        ],
        "279": [
            [
                13.75,
                14.0,
                80,
                98,
                150.0
            ]
        ],
        "280": [
            [
                13.75,
                14.0,
                84,
                58,
                102.49741
            ]
        ],
        "281": [
            [
                13.75,
                14.0,
                75,
                80,
                44.324012
            ]
        ],
        "282": [
            [
                13.75,
                14.0,
                81,
                88,
                114.57212
            ]
        ]
    },
    "extra_info": {
        "rejected_details": {
            "2": {
                "required_energy": 13.176394122177006,
                "delivered_energy": 0,
                "unmet_energy": 13.176394122177006,
                "penalty_cost": 13176.394122177006
            },
            "5": {
                "required_energy": 18.906193325913506,
                "delivered_energy": 13.992254,
                "unmet_energy": 4.913939325913505,
                "penalty_cost": 4913.939325913505
            },
            "8": {
                "required_energy": 25.5959906908013,
                "delivered_energy": 0,
                "unmet_energy": 25.5959906908013,
                "penalty_cost": 25595.9906908013
            },
            "28": {
                "required_energy": 37.77282662917749,
                "delivered_energy": 0,
                "unmet_energy": 37.77282662917749,
                "penalty_cost": 37772.826629177485
            },
            "67": {
                "required_energy": 18.24544463423648,
                "delivered_energy": 1.2576095,
                "unmet_energy": 16.98783513423648,
                "penalty_cost": 16987.83513423648
            },
            "105": {
                "required_energy": 15.407545745451888,
                "delivered_energy": 0,
                "unmet_energy": 15.407545745451888,
                "penalty_cost": 15407.545745451887
            },
            "113": {
                "required_energy": 32.30002030299283,
                "delivered_energy": 0,
                "unmet_energy": 32.30002030299283,
                "penalty_cost": 32300.020302992827
            },
            "119": {
                "required_energy": 19.648215773848612,
                "delivered_energy": 0,
                "unmet_energy": 19.648215773848612,
                "penalty_cost": 19648.215773848613
            },
            "150": {
                "required_energy": 29.090772028076373,
                "delivered_energy": 0,
                "unmet_energy": 29.090772028076373,
                "penalty_cost": 29090.77202807637
            },
            "153": {
                "required_energy": 13.97579669842667,
                "delivered_energy": 0,
                "unmet_energy": 13.97579669842667,
                "penalty_cost": 13975.79669842667
            },
            "160": {
                "required_energy": 5.750362398710861,
                "delivered_energy": 0,
                "unmet_energy": 5.750362398710861,
                "penalty_cost": 5750.36239871086
            },
            "169": {
                "required_energy": 36.49119714927422,
                "delivered_energy": 0,
                "unmet_energy": 36.49119714927422,
                "penalty_cost": 36491.19714927422
            },
            "181": {
                "required_energy": 10.448097461148013,
                "delivered_energy": 3.578498,
                "unmet_energy": 6.869599461148013,
                "penalty_cost": 6869.599461148013
            },
            "189": {
                "required_energy": 17.569043790393096,
                "delivered_energy": 11.524443,
                "unmet_energy": 6.044600790393096,
                "penalty_cost": 6044.600790393096
            },
            "223": {
                "required_energy": 11.978654406068145,
                "delivered_energy": 0,
                "unmet_energy": 11.978654406068145,
                "penalty_cost": 11978.654406068144
            },
            "260": {
                "required_energy": 16.642264765848207,
                "delivered_energy": 10.783868,
                "unmet_energy": 5.858396765848207,
                "penalty_cost": 5858.396765848207
            },
            "268": {
                "required_energy": 16.21079112071849,
                "delivered_energy": 0,
                "unmet_energy": 16.21079112071849,
                "penalty_cost": 16210.79112071849
            },
            "270": {
                "required_energy": 5.799346139314521,
                "delivered_energy": 0,
                "unmet_energy": 5.799346139314521,
                "penalty_cost": 5799.346139314521
            },
            "283": {
                "required_energy": 10.122344110646475,
                "delivered_energy": 0,
                "unmet_energy": 10.122344110646475,
                "penalty_cost": 10122.344110646474
            },
            "284": {
                "required_energy": 8.929132673954086,
                "delivered_energy": 0,
                "unmet_energy": 8.929132673954086,
                "penalty_cost": 8929.132673954085
            },
            "285": {
                "required_energy": 9.066669788955515,
                "delivered_energy": 0,
                "unmet_energy": 9.066669788955515,
                "penalty_cost": 9066.669788955514
            },
            "286": {
                "required_energy": 9.947635948931666,
                "delivered_energy": 0,
                "unmet_energy": 9.947635948931666,
                "penalty_cost": 9947.635948931666
            },
            "287": {
                "required_energy": 31.478310487690457,
                "delivered_energy": 0,
                "unmet_energy": 31.478310487690457,
                "penalty_cost": 31478.310487690458
            },
            "288": {
                "required_energy": 39.13136475859068,
                "delivered_energy": 0,
                "unmet_energy": 39.13136475859068,
                "penalty_cost": 39131.36475859068
            }
        },
        "milp_time": 2935.3241534233093,
        "total_time": 3086.0338888168335
    }
}