{
    "schedule": {
        "0": [
            [
                0.25,
                0.5,
                10,
                16,
                22.0
            ],
            [
                0.5,
                0.75,
                11,
                17,
                22.0
            ],
            [
                0.75,
                1.0,
                7,
                8,
                7.0
            ],
            [
                1.0,
                1.25,
                0,
                1,
                5.3035173
            ],
            [
                2.5,
                2.75,
                8,
                27,
                7.0
            ],
            [
                2.75,
                3.0,
                5,
                26,
                7.0
            ]
        ],
        "1": [
            [
                0.5,
                0.75,
                10,
                12,
                22.0
            ],
            [
                0.75,
                1.0,
                11,
                5,
                22.0
            ],
            [
                1.0,
                1.25,
                10,
                0,
                22.0
            ],
            [
                1.25,
                1.5,
                11,
                11,
                4.4207191
            ],
            [
                2.25,
                2.5,
                3,
                29,
                7.0
            ],
            [
                2.5,
                2.75,
                1,
                10,
                7.0
            ],
            [
                2.75,
                3.0,
                6,
                28,
                7.0
            ],
            [
                3.0,
                3.25,
                8,
                1,
                7.0
            ],
            [
                3.25,
                3.5,
                9,
                9,
                7.0
            ],
            [
                3.5,
                3.75,
                2,
                18,
                7.0
            ],
            [
                3.75,
                4.0,
                2,
                21,
                7.0
            ]
        ],
        "2": [
            [
                0.75,
                1.0,
                10,
                27,
                22.0
            ],
            [
                1.0,
                1.25,
                11,
                21,
                22.0
            ],
            [
                1.25,
                1.5,
                10,
                28,
                22.0
            ],
            [
                1.5,
                1.75,
                11,
                25,
                22.0
            ],
            [
                1.75,
                2.0,
                11,
                16,
                22.0
            ],
            [
                2.0,
                2.25,
                11,
                14,
                15.04609
            ],
            [
                2.25,
                2.5,
                10,
                26,
                22.0
            ],
            [
                2.5,
                2.75,
                4,
                26,
                7.0
            ]
        ],
        "3": [
            [
                0.75,
                1.0,
                9,
                15,
                2.8961292
            ],
            [
                2.5,
                2.75,
                2,
                9,
                7.0
            ],
            [
                2.75,
                3.0,
                7,
                22,
                7.0
            ],
            [
                3.0,
                3.25,
                5,
                13,
                7.0
            ],
            [
                3.25,
                3.5,
                5,
                24,
                7.0
            ],
            [
                3.75,
                4.0,
                0,
                6,
                7.0
            ],
            [
                4.0,
                4.25,
                9,
                5,
                7.0
            ],
            [
                4.25,
                4.5,
                8,
                5,
                7.0
            ],
            [
                4.5,
                4.75,
                0,
                14,
                7.0
            ],
            [
                4.75,
                5.0,
                6,
                29,
                7.0
            ],
            [
                5.0,
                5.25,
                1,
                1,
                7.0
            ],
            [
                5.25,
                5.5,
                10,
                26,
                1.6013495
            ],
            [
                5.5,
                5.75,
                11,
                0,
                22.0
            ],
            [
                5.75,
                6.0,
                1,
                20,
                7.0
            ],
            [
                6.0,
                6.25,
                8,
                6,
                7.0
            ]
        ],
        "4": [
            [
                4.0,
                4.25,
                3,
                24,
                0.18304282
            ],
            [
                4.25,
                4.5,
                0,
                28,
                7.0
            ],
            [
                4.75,
                5.0,
                5,
                18,
                7.0
            ],
            [
                5.0,
                5.25,
                6,
                4,
                7.0
            ],
            [
                5.25,
                5.5,
                4,
                8,
                7.0
            ],
            [
                5.5,
                5.75,
                0,
                8,
                7.0
            ],
            [
                5.75,
                6.0,
                9,
                16,
                7.0
            ],
            [
                6.0,
                6.25,
                9,
                9,
                7.0
            ],
            [
                6.25,
                6.5,
                7,
                21,
                7.0
            ]
        ],
        "5": [
            [
                1.5,
                1.75,
                1,
                6,
                7.0
            ],
            [
                1.75,
                2.0,
                5,
                0,
                7.0
            ],
            [
                2.0,
                2.25,
                8,
                19,
                7.0
            ],
            [
                2.25,
                2.5,
                11,
                8,
                3.0444119
            ],
            [
                2.5,
                2.75,
                10,
                7,
                0.28315212
            ],
            [
                2.75,
                3.0,
                3,
                17,
                7.0
            ],
            [
                3.0,
                3.25,
                3,
                19,
                7.0
            ]
        ],
        "6": [
            [
                1.5,
                1.75,
                10,
                2,
                19.726502
            ],
            [
                1.75,
                2.0,
                4,
                12,
                7.0
            ],
            [
                2.0,
                2.25,
                10,
                12,
                22.0
            ],
            [
                2.25,
                2.5,
                7,
                24,
                7.0
            ],
            [
                2.5,
                2.75,
                5,
                22,
                7.0
            ],
            [
                2.75,
                3.0,
                8,
                6,
                7.0
            ],
            [
                3.0,
                3.25,
                4,
                21,
                7.0
            ],
            [
                3.25,
                3.5,
                4,
                19,
                7.0
            ]
        ],
        "7": [
            [
                4.75,
                5.0,
                9,
                2,
                7.0
            ],
            [
                5.0,
                5.25,
                5,
                8,
                2.1510939
            ],
            [
                5.5,
                5.75,
                6,
                18,
                7.0
            ],
            [
                5.75,
                6.0,
                4,
                27,
                7.0
            ],
            [
                6.0,
                6.25,
                6,
                26,
                7.0
            ]
        ],
        "8": [
            [
                3.0,
                3.25,
                2,
                5,
                1.3656873
            ],
            [
                3.25,
                3.5,
                7,
                15,
                7.0
            ],
            [
                3.5,
                3.75,
                8,
                16,
                7.0
            ],
            [
                3.75,
                4.0,
                6,
                3,
                6.3055825
            ],
            [
                4.0,
                4.25,
                7,
                8,
                7.0
            ],
            [
                4.25,
                4.5,
                9,
                23,
                7.0
            ],
            [
                4.5,
                4.75,
                4,
                10,
                7.0
            ],
            [
                4.75,
                5.0,
                8,
                1,
                7.0
            ],
            [
                5.0,
                5.25,
                4,
                28,
                7.0
            ],
            [
                5.25,
                5.5,
                5,
                15,
                7.0
            ],
            [
                5.5,
                5.75,
                9,
                12,
                7.0
            ],
            [
                5.75,
                6.0,
                10,
                3,
                22.0
            ],
            [
                6.0,
                6.25,
                10,
                8,
                22.0
            ],
            [
                6.25,
                6.5,
                10,
                26,
                22.0
            ]
        ],
        "9": [
            [
                1.75,
                2.0,
                1,
                25,
                0.21439248
            ],
            [
                2.5,
                2.75,
                0,
                0,
                7.0
            ],
            [
                2.75,
                3.0,
                0,
                23,
                7.0
            ],
            [
                3.0,
                3.25,
                0,
                7,
                7.0
            ],
            [
                3.25,
                3.5,
                2,
                3,
                7.0
            ],
            [
                3.5,
                3.75,
                9,
                6,
                7.0
            ],
            [
                3.75,
                4.0,
                8,
                2,
                7.0
            ],
            [
                4.0,
                4.25,
                4,
                29,
                7.0
            ],
            [
                4.25,
                4.5,
                7,
                25,
                7.0
            ],
            [
                4.5,
                4.75,
                2,
                12,
                7.0
            ],
            [
                4.75,
                5.0,
                1,
                28,
                7.0
            ],
            [
                5.0,
                5.25,
                10,
                9,
                22.0
            ],
            [
                5.25,
                5.5,
                11,
                3,
                22.0
            ],
            [
                5.5,
                5.75,
                4,
                24,
                7.0
            ],
            [
                5.75,
                6.0,
                11,
                23,
                22.0
            ],
            [
                6.0,
                6.25,
                1,
                20,
                7.0
            ]
        ],
        "10": [
            [
                1.75,
                2.0,
                10,
                1,
                22.0
            ],
            [
                2.0,
                2.25,
                11,
                22,
                6.9539103
            ],
            [
                2.25,
                2.5,
                11,
                2,
                18.955588
            ],
            [
                2.5,
                2.75,
                11,
                3,
                22.0
            ],
            [
                2.75,
                3.0,
                4,
                9,
                7.0
            ],
            [
                3.0,
                3.25,
                9,
                20,
                7.0
            ]
        ],
        "11": [
            [
                4.75,
                5.0,
                0,
                21,
                7.0
            ],
            [
                5.0,
                5.25,
                7,
                24,
                7.0
            ],
            [
                5.5,
                5.75,
                1,
                6,
                7.0
            ],
            [
                5.75,
                6.0,
                3,
                14,
                6.0653253
            ],
            [
                6.0,
                6.25,
                4,
                28,
                7.0
            ],
            [
                6.5,
                6.75,
                9,
                3,
                7.0
            ],
            [
                6.75,
                7.0,
                6,
                26,
                7.0
            ],
            [
                7.0,
                7.25,
                6,
                8,
                7.0
            ],
            [
                7.25,
                7.5,
                5,
                17,
                2.9530962
            ]
        ],
        "12": [
            [
                3.0,
                3.25,
                1,
                16,
                7.0
            ],
            [
                3.25,
                3.5,
                3,
                11,
                7.0
            ],
            [
                3.5,
                3.75,
                4,
                12,
                7.0
            ],
            [
                3.75,
                4.0,
                4,
                5,
                6.0391582
            ],
            [
                4.0,
                4.25,
                8,
                21,
                7.0
            ],
            [
                4.25,
                4.5,
                4,
                26,
                7.0
            ],
            [
                4.5,
                4.75,
                11,
                29,
                22.0
            ]
        ],
        "13": [
            [
                2.5,
                2.75,
                10,
                19,
                21.716848
            ],
            [
                2.75,
                3.0,
                11,
                5,
                22.0
            ],
            [
                3.0,
                3.25,
                10,
                0,
                22.0
            ],
            [
                3.25,
                3.5,
                10,
                5,
                22.0
            ],
            [
                3.5,
                3.75,
                11,
                24,
                22.0
            ],
            [
                3.75,
                4.0,
                11,
                27,
                22.0
            ]
        ],
        "14": [
            [
                2.75,
                3.0,
                10,
                0,
                22.0
            ],
            [
                3.0,
                3.25,
                11,
                9,
                22.0
            ],
            [
                3.25,
                3.5,
                11,
                16,
                22.0
            ],
            [
                3.5,
                3.75,
                10,
                29,
                22.0
            ],
            [
                3.75,
                4.0,
                10,
                8,
                22.0
            ]
        ],
        "15": [
            [
                3.5,
                3.75,
                7,
                28,
                7.0
            ],
            [
                3.75,
                4.0,
                5,
                16,
                6.0487384
            ],
            [
                4.0,
                4.25,
                6,
                20,
                7.0
            ],
            [
                4.25,
                4.5,
                6,
                16,
                7.0
            ],
            [
                4.5,
                4.75,
                3,
                0,
                7.0
            ],
            [
                4.75,
                5.0,
                3,
                12,
                7.0
            ],
            [
                5.0,
                5.25,
                8,
                7,
                7.0
            ],
            [
                5.25,
                5.5,
                6,
                19,
                7.0
            ],
            [
                5.5,
                5.75,
                5,
                2,
                7.0
            ],
            [
                5.75,
                6.0,
                0,
                8,
                7.0
            ],
            [
                6.0,
                6.25,
                2,
                3,
                7.0
            ],
            [
                6.25,
                6.5,
                11,
                5,
                22.0
            ],
            [
                6.5,
                6.75,
                10,
                24,
                5.1221297
            ]
        ],
        "16": [
            [
                3.25,
                3.5,
                8,
                18,
                7.0
            ],
            [
                3.5,
                3.75,
                0,
                4,
                7.0
            ],
            [
                3.75,
                4.0,
                7,
                23,
                7.0
            ],
            [
                4.0,
                4.25,
                10,
                3,
                22.0
            ],
            [
                4.25,
                4.5,
                10,
                7,
                22.0
            ],
            [
                4.5,
                4.75,
                10,
                27,
                22.0
            ]
        ],
        "17": [
            [
                3.25,
                3.5,
                0,
                28,
                7.0
            ],
            [
                3.5,
                3.75,
                6,
                13,
                7.0
            ],
            [
                3.75,
                4.0,
                9,
                18,
                2.6065209
            ],
            [
                4.0,
                4.25,
                0,
                27,
                7.0
            ],
            [
                4.25,
                4.5,
                11,
                29,
                22.0
            ]
        ],
        "18": [
            [
                5.0,
                5.25,
                2,
                27,
                4.8489061
            ],
            [
                5.75,
                6.0,
                2,
                10,
                0.93467471
            ],
            [
                6.5,
                6.75,
                0,
                21,
                7.0
            ],
            [
                6.75,
                7.0,
                2,
                21,
                7.0
            ],
            [
                7.0,
                7.25,
                5,
                3,
                7.0
            ]
        ],
        "19": [
            [
                3.5,
                3.75,
                3,
                10,
                7.0
            ],
            [
                3.75,
                4.0,
                3,
                7,
                7.0
            ],
            [
                4.0,
                4.25,
                11,
                13,
                22.0
            ],
            [
                4.25,
                4.5,
                1,
                4,
                7.0
            ],
            [
                4.5,
                4.75,
                9,
                8,
                7.0
            ],
            [
                4.75,
                5.0,
                11,
                10,
                22.0
            ],
            [
                5.0,
                5.25,
                3,
                6,
                7.0
            ],
            [
                5.25,
                5.5,
                10,
                29,
                20.39865
            ],
            [
                5.5,
                5.75,
                10,
                27,
                22.0
            ],
            [
                5.75,
                6.0,
                6,
                19,
                7.0
            ],
            [
                6.0,
                6.25,
                11,
                23,
                22.0
            ]
        ],
        "20": [
            [
                4.0,
                4.25,
                2,
                7,
                7.0
            ],
            [
                4.25,
                4.5,
                2,
                19,
                7.0
            ],
            [
                4.5,
                4.75,
                7,
                15,
                7.0
            ],
            [
                4.75,
                5.0,
                2,
                8,
                7.0
            ],
            [
                5.0,
                5.25,
                0,
                23,
                7.0
            ],
            [
                5.25,
                5.5,
                9,
                17,
                7.0
            ],
            [
                5.5,
                5.75,
                2,
                16,
                7.0
            ],
            [
                5.75,
                6.0,
                8,
                7,
                7.0
            ],
            [
                6.0,
                6.25,
                5,
                22,
                7.0
            ],
            [
                6.25,
                6.5,
                5,
                0,
                7.0
            ],
            [
                6.5,
                6.75,
                6,
                1,
                7.0
            ],
            [
                6.75,
                7.0,
                0,
                3,
                7.0
            ],
            [
                7.0,
                7.25,
                10,
                12,
                11.767165
            ],
            [
                7.25,
                7.5,
                2,
                2,
                7.0
            ],
            [
                7.5,
                7.75,
                9,
                15,
                7.0
            ],
            [
                7.75,
                8.0,
                6,
                11,
                7.0
            ],
            [
                8.0,
                8.25,
                7,
                10,
                7.0
            ]
        ],
        "21": [
            [
                4.75,
                5.0,
                10,
                24,
                22.0
            ],
            [
                5.0,
                5.25,
                11,
                21,
                22.0
            ],
            [
                5.25,
                5.5,
                0,
                20,
                7.0
            ],
            [
                5.5,
                5.75,
                3,
                23,
                7.0
            ],
            [
                5.75,
                6.0,
                5,
                24,
                7.0
            ],
            [
                6.0,
                6.25,
                0,
                13,
                7.0
            ],
            [
                6.25,
                6.5,
                2,
                10,
                7.0
            ],
            [
                6.5,
                6.75,
                10,
                23,
                16.87787
            ],
            [
                6.75,
                7.0,
                10,
                9,
                22.0
            ]
        ],
        "22": [
            [
                6.5,
                6.75,
                11,
                13,
                22.0
            ],
            [
                6.75,
                7.0,
                11,
                20,
                22.0
            ],
            [
                7.0,
                7.25,
                11,
                23,
                22.0
            ],
            [
                7.25,
                7.5,
                10,
                23,
                22.0
            ]
        ],
        "23": [
            [
                6.75,
                7.0,
                3,
                17,
                7.0
            ],
            [
                7.0,
                7.25,
                10,
                5,
                10.232835
            ],
            [
                7.25,
                7.5,
                11,
                10,
                22.0
            ],
            [
                7.5,
                7.75,
                10,
                13,
                22.0
            ],
            [
                7.75,
                8.0,
                11,
                22,
                22.0
            ],
            [
                8.0,
                8.25,
                10,
                14,
                22.0
            ],
            [
                8.25,
                8.5,
                3,
                5,
                7.0
            ],
            [
                8.5,
                8.75,
                7,
                13,
                7.0
            ],
            [
                8.75,
                9.0,
                6,
                25,
                7.0
            ],
            [
                9.0,
                9.25,
                5,
                8,
                7.0
            ],
            [
                9.25,
                9.5,
                0,
                6,
                4.6016985
            ]
        ],
        "24": [
            [
                7.0,
                7.25,
                2,
                0,
                7.0
            ],
            [
                7.25,
                7.5,
                6,
                28,
                7.0
            ],
            [
                7.5,
                7.75,
                1,
                2,
                7.0
            ],
            [
                7.75,
                8.0,
                3,
                19,
                7.0
            ],
            [
                8.0,
                8.25,
                5,
                13,
                7.0
            ],
            [
                8.25,
                8.5,
                1,
                16,
                7.0
            ],
            [
                9.5,
                9.75,
                8,
                13,
                7.0
            ],
            [
                10.0,
                10.25,
                0,
                19,
                6.2421952
            ],
            [
                10.5,
                10.75,
                7,
                19,
                7.0
            ],
            [
                10.75,
                11.0,
                5,
                21,
                7.0
            ]
        ],
        "25": [
            [
                7.25,
                7.5,
                0,
                11,
                7.0
            ],
            [
                7.5,
                7.75,
                11,
                25,
                22.0
            ],
            [
                7.75,
                8.0,
                1,
                10,
                7.0
            ],
            [
                8.0,
                8.25,
                4,
                20,
                7.0
            ],
            [
                8.25,
                8.5,
                10,
                28,
                22.0
            ],
            [
                8.5,
                8.75,
                9,
                17,
                7.0
            ],
            [
                8.75,
                9.0,
                8,
                0,
                7.0
            ],
            [
                9.0,
                9.25,
                10,
                5,
                3.4751556
            ],
            [
                9.25,
                9.5,
                11,
                19,
                22.0
            ],
            [
                9.5,
                9.75,
                0,
                21,
                7.0
            ],
            [
                9.75,
                10.0,
                4,
                15,
                7.0
            ],
            [
                10.0,
                10.25,
                6,
                14,
                7.0
            ],
            [
                10.25,
                10.5,
                3,
                29,
                7.0
            ]
        ],
        "26": [
            [
                7.5,
                7.75,
                6,
                12,
                7.0
            ],
            [
                7.75,
                8.0,
                4,
                27,
                7.0
            ],
            [
                8.0,
                8.25,
                0,
                7,
                7.0
            ],
            [
                8.25,
                8.5,
                7,
                6,
                7.0
            ],
            [
                8.5,
                8.75,
                6,
                16,
                7.0
            ],
            [
                8.75,
                9.0,
                10,
                5,
                22.0
            ],
            [
                9.0,
                9.25,
                10,
                6,
                18.524844
            ],
            [
                9.25,
                9.5,
                7,
                7,
                7.0
            ],
            [
                9.5,
                9.75,
                1,
                2,
                7.0
            ],
            [
                9.75,
                10.0,
                10,
                24,
                18.430108
            ],
            [
                10.0,
                10.25,
                4,
                1,
                7.0
            ],
            [
                10.25,
                10.5,
                0,
                23,
                7.0
            ]
        ],
        "27": [
            [
                7.75,
                8.0,
                0,
                28,
                7.0
            ],
            [
                8.0,
                8.25,
                8,
                25,
                7.0
            ],
            [
                8.25,
                8.5,
                5,
                13,
                7.0
            ],
            [
                8.5,
                8.75,
                0,
                5,
                7.0
            ],
            [
                8.75,
                9.0,
                9,
                12,
                7.0
            ],
            [
                9.75,
                10.0,
                0,
                7,
                7.0
            ],
            [
                10.0,
                10.25,
                2,
                3,
                1.0916777
            ],
            [
                10.25,
                10.5,
                8,
                5,
                7.0
            ],
            [
                10.5,
                10.75,
                9,
                3,
                7.0
            ],
            [
                10.75,
                11.0,
                4,
                1,
                7.0
            ]
        ],
        "28": [
            [
                7.75,
                8.0,
                10,
                0,
                22.0
            ],
            [
                8.0,
                8.25,
                6,
                24,
                7.0
            ],
            [
                8.25,
                8.5,
                4,
                19,
                7.0
            ],
            [
                8.5,
                8.75,
                10,
                24,
                22.0
            ],
            [
                8.75,
                9.0,
                11,
                16,
                22.0
            ],
            [
                9.0,
                9.25,
                7,
                21,
                7.0
            ],
            [
                9.25,
                9.5,
                6,
                25,
                6.1130728
            ],
            [
                9.5,
                9.75,
                10,
                25,
                22.0
            ],
            [
                9.75,
                10.0,
                5,
                9,
                7.0
            ],
            [
                10.0,
                10.25,
                11,
                4,
                22.0
            ],
            [
                10.25,
                10.5,
                1,
                16,
                7.0
            ],
            [
                10.5,
                10.75,
                3,
                20,
                7.0
            ]
        ],
        "29": [
            [
                8.0,
                8.25,
                11,
                22,
                22.0
            ],
            [
                8.25,
                8.5,
                2,
                25,
                7.0
            ],
            [
                8.5,
                8.75,
                11,
                28,
                22.0
            ],
            [
                8.75,
                9.0,
                5,
                29,
                7.0
            ],
            [
                9.0,
                9.25,
                11,
                29,
                13.232937
            ],
            [
                9.25,
                9.5,
                2,
                21,
                7.0
            ],
            [
                9.5,
                9.75,
                11,
                16,
                22.0
            ]
        ],
        "30": [
            [
                8.25,
                8.5,
                0,
                10,
                7.0
            ],
            [
                8.5,
                8.75,
                2,
                2,
                7.0
            ],
            [
                8.75,
                9.0,
                7,
                2,
                7.0
            ],
            [
                9.0,
                9.25,
                0,
                3,
                7.0
            ],
            [
                9.25,
                9.5,
                4,
                14,
                7.0
            ],
            [
                9.5,
                9.75,
                2,
                1,
                7.0
            ],
            [
                9.75,
                10.0,
                10,
                6,
                3.5698924
            ],
            [
                10.0,
                10.25,
                1,
                26,
                7.0
            ],
            [
                10.25,
                10.5,
                9,
                9,
                7.0
            ],
            [
                10.5,
                10.75,
                0,
                24,
                7.0
            ],
            [
                10.75,
                11.0,
                11,
                26,
                3.6247694
            ],
            [
                11.0,
                11.25,
                6,
                1,
                7.0
            ],
            [
                11.25,
                11.5,
                5,
                10,
                7.0
            ],
            [
                11.5,
                11.75,
                11,
                3,
                9.9431079
            ],
            [
                12.5,
                12.75,
                4,
                16,
                7.0
            ]
        ],
        "31": [
            [
                8.25,
                8.5,
                11,
                11,
                22.0
            ],
            [
                8.5,
                8.75,
                3,
                4,
                7.0
            ],
            [
                8.75,
                9.0,
                1,
                28,
                7.0
            ],
            [
                9.0,
                9.25,
                6,
                4,
                7.0
            ],
            [
                9.25,
                9.5,
                9,
                8,
                6.8945898
            ],
            [
                9.75,
                10.0,
                11,
                10,
                22.0
            ],
            [
                10.0,
                10.25,
                7,
                17,
                7.0
            ],
            [
                10.25,
                10.5,
                6,
                1,
                7.0
            ],
            [
                10.5,
                10.75,
                4,
                10,
                7.0
            ],
            [
                10.75,
                11.0,
                1,
                15,
                7.0
            ],
            [
                11.0,
                11.25,
                2,
                8,
                6.2594061
            ]
        ],
        "32": [
            [
                8.25,
                8.5,
                9,
                4,
                7.0
            ],
            [
                8.5,
                8.75,
                4,
                6,
                7.0
            ],
            [
                8.75,
                9.0,
                3,
                3,
                7.0
            ],
            [
                9.0,
                9.25,
                11,
                26,
                8.7670629
            ],
            [
                9.25,
                9.5,
                1,
                2,
                7.0
            ],
            [
                9.5,
                9.75,
                9,
                5,
                7.0
            ],
            [
                9.75,
                10.0,
                1,
                5,
                7.0
            ],
            [
                10.0,
                10.25,
                3,
                8,
                7.0
            ],
            [
                10.25,
                10.5,
                11,
                2,
                7.1462558
            ],
            [
                10.5,
                10.75,
                8,
                16,
                7.0
            ],
            [
                10.75,
                11.0,
                11,
                20,
                18.375231
            ],
            [
                11.0,
                11.25,
                4,
                24,
                7.0
            ]
        ],
        "33": [
            [
                8.5,
                8.75,
                8,
                21,
                7.0
            ],
            [
                8.75,
                9.0,
                0,
                22,
                7.0
            ],
            [
                9.0,
                9.25,
                8,
                25,
                7.0
            ],
            [
                9.25,
                9.5,
                10,
                22,
                22.0
            ],
            [
                9.5,
                9.75,
                4,
                28,
                7.0
            ],
            [
                9.75,
                10.0,
                7,
                8,
                7.0
            ],
            [
                10.0,
                10.25,
                10,
                22,
                22.0
            ],
            [
                10.25,
                10.5,
                11,
                14,
                14.853744
            ]
        ],
        "34": [
            [
                9.0,
                9.25,
                2,
                20,
                7.0
            ],
            [
                9.75,
                10.0,
                9,
                4,
                7.0
            ],
            [
                10.25,
                10.5,
                4,
                19,
                7.0
            ],
            [
                10.5,
                10.75,
                5,
                9,
                7.0
            ],
            [
                10.75,
                11.0,
                7,
                25,
                7.0
            ],
            [
                13.0,
                13.25,
                3,
                10,
                6.376983
            ],
            [
                13.25,
                13.5,
                9,
                18,
                7.0
            ]
        ],
        "35": [
            [
                10.75,
                11.0,
                0,
                17,
                7.0
            ],
            [
                13.25,
                13.5,
                0,
                20,
                6.8236293
            ],
            [
                13.5,
                13.75,
                3,
                1,
                7.0
            ]
        ],
        "36": [
            [
                9.0,
                9.25,
                1,
                23,
                7.0
            ],
            [
                9.25,
                9.5,
                3,
                10,
                3.390639
            ],
            [
                9.5,
                9.75,
                7,
                9,
                7.0
            ],
            [
                9.75,
                10.0,
                8,
                20,
                7.0
            ],
            [
                10.0,
                10.25,
                5,
                29,
                6.6661271
            ]
        ],
        "37": [
            [
                9.0,
                9.25,
                9,
                14,
                7.0
            ],
            [
                9.25,
                9.5,
                8,
                12,
                7.0
            ],
            [
                9.5,
                9.75,
                3,
                0,
                7.0
            ],
            [
                9.75,
                10.0,
                3,
                21,
                7.0
            ],
            [
                10.0,
                10.25,
                8,
                23,
                7.0
            ],
            [
                10.25,
                10.5,
                7,
                0,
                7.0
            ],
            [
                10.5,
                10.75,
                1,
                4,
                7.0
            ],
            [
                10.75,
                11.0,
                9,
                2,
                7.0
            ],
            [
                11.0,
                11.25,
                5,
                14,
                7.0
            ],
            [
                11.25,
                11.5,
                8,
                3,
                0.31244572
            ],
            [
                13.0,
                13.25,
                0,
                23,
                7.0
            ],
            [
                13.25,
                13.5,
                6,
                0,
                7.0
            ],
            [
                13.5,
                13.75,
                0,
                4,
                7.0
            ],
            [
                13.75,
                14.0,
                8,
                21,
                7.0
            ]
        ],
        "38": [
            [
                10.25,
                10.5,
                10,
                8,
                22.0
            ],
            [
                10.5,
                10.75,
                11,
                28,
                22.0
            ],
            [
                10.75,
                11.0,
                10,
                22,
                22.0
            ],
            [
                11.0,
                11.25,
                11,
                0,
                22.0
            ],
            [
                11.25,
                11.5,
                9,
                19,
                5.4487516
            ],
            [
                13.0,
                13.25,
                4,
                5,
                7.0
            ]
        ],
        "39": [
            [
                10.5,
                10.75,
                10,
                21,
                22.0
            ],
            [
                10.75,
                11.0,
                8,
                5,
                7.0
            ],
            [
                11.0,
                11.25,
                9,
                10,
                7.0
            ],
            [
                11.25,
                11.5,
                10,
                28,
                22.0
            ],
            [
                11.75,
                12.0,
                4,
                19,
                1.411322
            ]
        ],
        "40": [
            [
                11.0,
                11.25,
                10,
                3,
                22.0
            ],
            [
                11.25,
                11.5,
                4,
                21,
                7.0
            ],
            [
                11.5,
                11.75,
                11,
                19,
                12.056892
            ],
            [
                12.75,
                13.0,
                2,
                23,
                7.0
            ],
            [
                13.0,
                13.25,
                7,
                24,
                7.0
            ],
            [
                13.25,
                13.5,
                5,
                16,
                7.0
            ],
            [
                13.5,
                13.75,
                4,
                3,
                7.0
            ],
            [
                13.75,
                14.0,
                7,
                22,
                7.0
            ]
        ],
        "41": [
            [
                11.25,
                11.5,
                11,
                0,
                22.0
            ],
            [
                12.75,
                13.0,
                5,
                12,
                6.5100453
            ],
            [
                13.0,
                13.25,
                6,
                0,
                7.0
            ],
            [
                13.25,
                13.5,
                4,
                5,
                7.0
            ],
            [
                13.5,
                13.75,
                1,
                10,
                7.0
            ],
            [
                13.75,
                14.0,
                4,
                6,
                7.0
            ]
        ],
        "42": [
            [
                11.75,
                12.0,
                10,
                5,
                22.0
            ],
            [
                12.0,
                12.25,
                11,
                21,
                22.0
            ],
            [
                12.25,
                12.5,
                11,
                0,
                22.0
            ],
            [
                12.5,
                12.75,
                11,
                7,
                22.0
            ],
            [
                12.75,
                13.0,
                4,
                14,
                7.0
            ],
            [
                13.0,
                13.25,
                8,
                9,
                7.0
            ],
            [
                13.25,
                13.5,
                10,
                12,
                22.0
            ],
            [
                13.5,
                13.75,
                8,
                23,
                7.0
            ],
            [
                13.75,
                14.0,
                3,
                2,
                7.0
            ]
        ],
        "43": [
            [
                11.75,
                12.0,
                5,
                6,
                1.1929381
            ],
            [
                12.5,
                12.75,
                1,
                22,
                7.0
            ],
            [
                12.75,
                13.0,
                3,
                18,
                7.0
            ],
            [
                13.0,
                13.25,
                1,
                14,
                7.0
            ],
            [
                13.25,
                13.5,
                3,
                19,
                7.0
            ],
            [
                13.5,
                13.75,
                7,
                13,
                7.0
            ],
            [
                13.75,
                14.0,
                0,
                4,
                7.0
            ]
        ],
        "44": [
            [
                11.75,
                12.0,
                11,
                18,
                22.0
            ],
            [
                12.0,
                12.25,
                8,
                18,
                6.2051253
            ],
            [
                12.25,
                12.5,
                9,
                23,
                7.0
            ],
            [
                12.5,
                12.75,
                9,
                8,
                7.0
            ],
            [
                12.75,
                13.0,
                8,
                8,
                7.0
            ],
            [
                13.0,
                13.25,
                2,
                2,
                7.0
            ],
            [
                13.25,
                13.5,
                8,
                27,
                7.0
            ],
            [
                13.5,
                13.75,
                2,
                19,
                7.0
            ],
            [
                13.75,
                14.0,
                6,
                19,
                7.0
            ]
        ],
        "45": [
            [
                12.0,
                12.25,
                10,
                0,
                22.0
            ],
            [
                12.25,
                12.5,
                10,
                5,
                22.0
            ],
            [
                12.5,
                12.75,
                7,
                6,
                7.0
            ],
            [
                12.75,
                13.0,
                11,
                3,
                22.0
            ],
            [
                13.0,
                13.25,
                10,
                3,
                22.0
            ],
            [
                13.25,
                13.5,
                11,
                7,
                22.0
            ],
            [
                13.5,
                13.75,
                10,
                2,
                22.0
            ],
            [
                13.75,
                14.0,
                1,
                10,
                7.0
            ]
        ],
        "46": [
            [
                12.5,
                12.75,
                10,
                20,
                22.0
            ],
            [
                12.75,
                13.0,
                10,
                11,
                22.0
            ],
            [
                13.0,
                13.25,
                11,
                20,
                22.0
            ],
            [
                13.25,
                13.5,
                2,
                10,
                7.0
            ],
            [
                13.5,
                13.75,
                6,
                6,
                7.0
            ],
            [
                13.75,
                14.0,
                10,
                11,
                22.0
            ]
        ],
        "47": [
            [
                13.5,
                13.75,
                11,
                9,
                22.0
            ],
            [
                13.75,
                14.0,
                2,
                15,
                7.0
            ]
        ],
        "48": [
            [
                13.75,
                14.0,
                11,
                29,
                22.0
            ]
        ]
    },
    "extra_info": {
        "rejected_details": {
            "48": {
                "required_energy": 26.0297387715397,
                "delivered_energy": 22.0,
                "unmet_energy": 4.0297387715397015,
                "penalty_cost": 4029.7387715397017
            }
        },
        "milp_time": 304.56392312049866,
        "total_time": 306.9331305027008
    }
}