{
    "schedule": {
        "0": [
            [
                0.25,
                0.5,
                22,
                14,
                22.0
            ],
            [
                0.5,
                0.75,
                23,
                18,
                22.0
            ],
            [
                0.75,
                1.0,
                20,
                19,
                22.0
            ],
            [
                1.0,
                1.25,
                23,
                19,
                22.0
            ],
            [
                1.25,
                1.5,
                20,
                22,
                22.0
            ],
            [
                1.5,
                1.75,
                23,
                31,
                1.1151194
            ]
        ],
        "1": [
            [
                4.75,
                5.0,
                24,
                35,
                22.0
            ],
            [
                5.0,
                5.25,
                22,
                31,
                22.0
            ],
            [
                5.25,
                5.5,
                22,
                17,
                22.0
            ],
            [
                5.5,
                5.75,
                23,
                13,
                22.0
            ],
            [
                5.75,
                6.0,
                20,
                34,
                22.0
            ],
            [
                6.0,
                6.25,
                23,
                53,
                22.0
            ],
            [
                6.25,
                6.5,
                24,
                37,
                6.9271174
            ]
        ],
        "2": [
            [
                4.75,
                5.0,
                22,
                21,
                22.0
            ],
            [
                5.0,
                5.25,
                21,
                23,
                15.69088
            ],
            [
                5.25,
                5.5,
                23,
                8,
                22.0
            ],
            [
                5.5,
                5.75,
                22,
                20,
                22.0
            ],
            [
                6.0,
                6.25,
                20,
                25,
                22.0
            ],
            [
                6.5,
                6.75,
                22,
                15,
                22.0
            ],
            [
                7.25,
                7.5,
                23,
                51,
                22.0
            ]
        ],
        "3": [
            [
                4.75,
                5.0,
                23,
                19,
                20.841305
            ],
            [
                5.25,
                5.5,
                24,
                43,
                22.0
            ],
            [
                5.5,
                5.75,
                15,
                2,
                7.0
            ],
            [
                6.0,
                6.25,
                13,
                49,
                7.0
            ],
            [
                6.5,
                6.75,
                21,
                46,
                22.0
            ]
        ],
        "4": [
            [
                4.75,
                5.0,
                20,
                23,
                22.0
            ],
            [
                5.0,
                5.25,
                20,
                24,
                22.0
            ],
            [
                5.25,
                5.5,
                20,
                47,
                22.0
            ],
            [
                5.5,
                5.75,
                24,
                54,
                22.0
            ],
            [
                5.75,
                6.0,
                22,
                12,
                21.019438
            ],
            [
                6.0,
                6.25,
                22,
                20,
                22.0
            ],
            [
                6.5,
                6.75,
                24,
                44,
                22.0
            ]
        ],
        "5": [
            [
                4.75,
                5.0,
                21,
                18,
                22.0
            ],
            [
                5.0,
                5.25,
                23,
                49,
                18.238079
            ],
            [
                5.25,
                5.5,
                6,
                36,
                7.0
            ],
            [
                5.5,
                5.75,
                20,
                48,
                22.0
            ],
            [
                6.0,
                6.25,
                21,
                38,
                22.0
            ],
            [
                6.5,
                6.75,
                23,
                42,
                22.0
            ]
        ],
        "6": [
            [
                4.75,
                5.0,
                12,
                25,
                5.0622287
            ],
            [
                5.25,
                5.5,
                12,
                24,
                7.0
            ],
            [
                5.5,
                5.75,
                0,
                47,
                7.0
            ],
            [
                6.0,
                6.25,
                2,
                34,
                7.0
            ],
            [
                6.5,
                6.75,
                1,
                12,
                7.0
            ],
            [
                7.25,
                7.5,
                20,
                29,
                22.0
            ]
        ],
        "7": [
            [
                4.75,
                5.0,
                0,
                40,
                0.71012339
            ],
            [
                5.25,
                5.5,
                7,
                0,
                7.0
            ],
            [
                5.5,
                5.75,
                3,
                28,
                7.0
            ],
            [
                6.0,
                6.25,
                9,
                15,
                7.0
            ],
            [
                6.5,
                6.75,
                14,
                26,
                7.0
            ],
            [
                7.25,
                7.5,
                21,
                32,
                22.0
            ]
        ],
        "8": [
            [
                5.25,
                5.5,
                21,
                4,
                22.0
            ],
            [
                5.5,
                5.75,
                21,
                25,
                22.0
            ],
            [
                5.75,
                6.0,
                23,
                16,
                22.0
            ],
            [
                6.0,
                6.25,
                24,
                31,
                22.0
            ],
            [
                6.25,
                6.5,
                20,
                17,
                21.44585
            ],
            [
                6.5,
                6.75,
                20,
                3,
                22.0
            ],
            [
                6.75,
                7.0,
                21,
                31,
                22.0
            ],
            [
                7.25,
                7.5,
                24,
                26,
                22.0
            ],
            [
                7.5,
                7.75,
                21,
                37,
                22.0
            ]
        ],
        "9": [
            [
                7.25,
                7.5,
                22,
                27,
                22.0
            ],
            [
                7.5,
                7.75,
                23,
                22,
                22.0
            ],
            [
                7.75,
                8.0,
                21,
                46,
                18.43069
            ]
        ],
        "10": [
            [
                8.0,
                8.25,
                23,
                42,
                22.0
            ],
            [
                8.25,
                8.5,
                20,
                11,
                22.0
            ],
            [
                11.5,
                11.75,
                23,
                2,
                14.448741
            ],
            [
                11.75,
                12.0,
                24,
                16,
                22.0
            ],
            [
                12.0,
                12.25,
                23,
                56,
                22.0
            ],
            [
                12.25,
                12.5,
                23,
                52,
                22.0
            ],
            [
                12.5,
                12.75,
                24,
                12,
                22.0
            ],
            [
                12.75,
                13.0,
                22,
                32,
                22.0
            ],
            [
                13.0,
                13.25,
                24,
                43,
                22.0
            ]
        ],
        "11": [
            [
                8.0,
                8.25,
                20,
                37,
                22.0
            ],
            [
                8.25,
                8.5,
                22,
                43,
                22.0
            ],
            [
                8.5,
                8.75,
                22,
                46,
                21.593989
            ]
        ],
        "12": [
            [
                12.0,
                12.25,
                20,
                27,
                22.0
            ],
            [
                12.25,
                12.5,
                21,
                14,
                22.0
            ],
            [
                12.5,
                12.75,
                20,
                59,
                7.1624132
            ],
            [
                12.75,
                13.0,
                20,
                28,
                22.0
            ],
            [
                13.0,
                13.25,
                22,
                57,
                22.0
            ],
            [
                13.25,
                13.5,
                21,
                29,
                22.0
            ],
            [
                13.5,
                13.75,
                23,
                19,
                22.0
            ],
            [
                13.75,
                14.0,
                24,
                27,
                22.0
            ]
        ],
        "13": [
            [
                12.25,
                12.5,
                1,
                2,
                7.0
            ],
            [
                12.5,
                12.75,
                20,
                6,
                14.837587
            ],
            [
                12.75,
                13.0,
                3,
                53,
                7.0
            ],
            [
                13.0,
                13.25,
                11,
                5,
                7.0
            ],
            [
                13.25,
                13.5,
                19,
                36,
                7.0
            ],
            [
                13.5,
                13.75,
                16,
                53,
                7.0
            ],
            [
                13.75,
                14.0,
                8,
                59,
                7.0
            ]
        ],
        "14": [
            [
                12.25,
                12.5,
                14,
                35,
                7.0
            ],
            [
                12.5,
                12.75,
                18,
                26,
                7.0
            ],
            [
                12.75,
                13.0,
                4,
                36,
                5.9554526
            ],
            [
                13.0,
                13.25,
                9,
                37,
                7.0
            ],
            [
                13.25,
                13.5,
                23,
                57,
                22.0
            ],
            [
                13.5,
                13.75,
                21,
                56,
                22.0
            ],
            [
                13.75,
                14.0,
                10,
                22,
                7.0
            ]
        ],
        "15": [
            [
                12.25,
                12.5,
                20,
                39,
                22.0
            ],
            [
                12.5,
                12.75,
                6,
                34,
                7.0
            ],
            [
                12.75,
                13.0,
                24,
                38,
                21.799919
            ],
            [
                13.0,
                13.25,
                19,
                27,
                7.0
            ],
            [
                13.25,
                13.5,
                22,
                23,
                22.0
            ],
            [
                13.5,
                13.75,
                22,
                32,
                22.0
            ],
            [
                13.75,
                14.0,
                21,
                15,
                22.0
            ]
        ],
        "16": [
            [
                12.0,
                12.25,
                21,
                2,
                22.0
            ],
            [
                12.25,
                12.5,
                17,
                45,
                7.0
            ],
            [
                12.5,
                12.75,
                23,
                39,
                22.0
            ],
            [
                12.75,
                13.0,
                0,
                44,
                7.0
            ],
            [
                13.0,
                13.25,
                23,
                16,
                22.0
            ],
            [
                13.25,
                13.5,
                6,
                7,
                7.0
            ],
            [
                13.5,
                13.75,
                24,
                37,
                22.0
            ],
            [
                13.75,
                14.0,
                20,
                7,
                22.0
            ]
        ],
        "17": [
            [
                10.5,
                10.75,
                21,
                7,
                18.78222
            ],
            [
                10.75,
                11.0,
                20,
                11,
                22.0
            ],
            [
                11.0,
                11.25,
                21,
                37,
                22.0
            ],
            [
                11.25,
                11.5,
                20,
                31,
                22.0
            ],
            [
                11.5,
                11.75,
                24,
                51,
                22.0
            ],
            [
                11.75,
                12.0,
                21,
                33,
                22.0
            ],
            [
                12.0,
                12.25,
                22,
                4,
                22.0
            ],
            [
                12.25,
                12.5,
                22,
                16,
                22.0
            ],
            [
                12.5,
                12.75,
                21,
                11,
                22.0
            ]
        ],
        "18": [
            [
                11.75,
                12.0,
                22,
                56,
                7.9610697
            ],
            [
                12.0,
                12.25,
                24,
                23,
                22.0
            ],
            [
                12.25,
                12.5,
                24,
                23,
                22.0
            ]
        ],
        "19": [
            [
                12.25,
                12.5,
                18,
                33,
                7.0
            ],
            [
                12.5,
                12.75,
                22,
                52,
                22.0
            ],
            [
                12.75,
                13.0,
                23,
                19,
                22.0
            ],
            [
                13.0,
                13.25,
                21,
                36,
                22.0
            ],
            [
                13.25,
                13.5,
                24,
                43,
                22.0
            ],
            [
                13.5,
                13.75,
                1,
                27,
                7.0
            ],
            [
                13.75,
                14.0,
                23,
                54,
                22.0
            ]
        ],
        "20": [
            [
                12.75,
                13.0,
                21,
                7,
                22.0
            ],
            [
                13.0,
                13.25,
                20,
                28,
                22.0
            ],
            [
                13.25,
                13.5,
                20,
                35,
                22.0
            ],
            [
                13.5,
                13.75,
                20,
                13,
                22.0
            ],
            [
                13.75,
                14.0,
                22,
                24,
                22.0
            ]
        ]
    },
    "extra_info": {
        "rejected_details": {},
        "milp_time": 8.406204223632812,
        "total_time": 10.158908128738403
    }
}