{
    "schedule": {
        "0": [
            [
                0.5,
                0.75,
                25,
                13,
                50.0
            ],
            [
                0.75,
                1.0,
                26,
                14,
                50.0
            ],
            [
                1.0,
                1.25,
                25,
                1,
                50.0
            ],
            [
                2.0,
                2.25,
                22,
                35,
                19.112371
            ]
        ],
        "1": [
            [
                0.5,
                0.75,
                26,
                3,
                50.0
            ],
            [
                0.75,
                1.0,
                25,
                32,
                39.329876
            ]
        ],
        "2": [
            [
                1.5,
                1.75,
                26,
                19,
                50.0
            ],
            [
                1.75,
                2.0,
                26,
                28,
                50.0
            ],
            [
                2.0,
                2.25,
                25,
                1,
                50.0
            ],
            [
                2.25,
                2.5,
                25,
                21,
                26.0
            ],
            [
                3.25,
                3.5,
                25,
                9,
                47.43871
            ]
        ],
        "3": [
            [
                1.75,
                2.0,
                25,
                37,
                50.0
            ],
            [
                2.0,
                2.25,
                26,
                39,
                50.0
            ],
            [
                2.25,
                2.5,
                26,
                12,
                50.0
            ],
            [
                2.5,
                2.75,
                20,
                30,
                22.0
            ],
            [
                3.75,
                4.0,
                26,
                5,
                17.45297
            ]
        ],
        "4": [
            [
                3.75,
                4.0,
                26,
                28,
                32.54703
            ],
            [
                5.75,
                6.0,
                25,
                2,
                44.144934
            ],
            [
                6.75,
                7.0,
                23,
                35,
                22.0
            ]
        ],
        "5": [
            [
                2.25,
                2.5,
                21,
                4,
                22.0
            ],
            [
                4.0,
                4.25,
                26,
                5,
                48.0
            ],
            [
                4.5,
                4.75,
                20,
                34,
                4.8811106
            ],
            [
                5.0,
                5.25,
                26,
                0,
                48.401019
            ],
            [
                8.25,
                8.5,
                26,
                27,
                48.0
            ]
        ],
        "6": [
            [
                2.5,
                2.75,
                25,
                37,
                20.819083
            ],
            [
                3.0,
                3.25,
                26,
                18,
                50.0
            ],
            [
                4.0,
                4.25,
                25,
                25,
                22.623006
            ]
        ],
        "7": [
            [
                2.25,
                2.5,
                24,
                18,
                22.0
            ],
            [
                2.5,
                2.75,
                26,
                4,
                50.0
            ],
            [
                2.75,
                3.0,
                26,
                10,
                50.0
            ],
            [
                4.0,
                4.25,
                25,
                14,
                27.376994
            ]
        ],
        "8": [
            [
                2.5,
                2.75,
                25,
                38,
                27.180917
            ],
            [
                2.75,
                3.0,
                25,
                4,
                7.2542379
            ],
            [
                3.25,
                3.5,
                21,
                35,
                20.0
            ],
            [
                4.25,
                4.5,
                25,
                0,
                50.0
            ],
            [
                4.75,
                5.0,
                21,
                8,
                13.380577
            ]
        ],
        "9": [
            [
                2.75,
                3.0,
                23,
                39,
                22.0
            ],
            [
                3.0,
                3.25,
                22,
                6,
                22.0
            ],
            [
                3.25,
                3.5,
                26,
                4,
                50.0
            ]
        ],
        "10": [
            [
                2.75,
                3.0,
                25,
                25,
                40.745762
            ],
            [
                3.5,
                3.75,
                21,
                3,
                20.0
            ]
        ],
        "11": [
            [
                3.0,
                3.25,
                25,
                31,
                48.0
            ],
            [
                3.75,
                4.0,
                20,
                3,
                20.0
            ],
            [
                4.0,
                4.25,
                23,
                39,
                22.0
            ],
            [
                5.0,
                5.25,
                21,
                16,
                22.0
            ],
            [
                6.25,
                6.5,
                20,
                19,
                22.0
            ],
            [
                7.75,
                8.0,
                25,
                34,
                35.614336
            ]
        ],
        "12": [
            [
                3.25,
                3.5,
                25,
                39,
                2.5612902
            ],
            [
                3.5,
                3.75,
                26,
                19,
                50.0
            ],
            [
                4.25,
                4.5,
                26,
                7,
                50.0
            ],
            [
                4.5,
                4.75,
                26,
                33,
                50.0
            ],
            [
                5.5,
                5.75,
                26,
                23,
                50.0
            ]
        ],
        "13": [
            [
                3.5,
                3.75,
                25,
                18,
                50.0
            ],
            [
                4.5,
                4.75,
                24,
                19,
                15.118889
            ],
            [
                4.75,
                5.0,
                25,
                12,
                44.456311
            ],
            [
                5.75,
                6.0,
                25,
                7,
                5.8550664
            ]
        ],
        "14": [
            [
                3.75,
                4.0,
                25,
                22,
                50.0
            ],
            [
                5.75,
                6.0,
                26,
                25,
                50.0
            ],
            [
                7.5,
                7.75,
                25,
                32,
                45.62657
            ]
        ],
        "15": [
            [
                4.75,
                5.0,
                26,
                24,
                50.0
            ],
            [
                5.5,
                5.75,
                25,
                34,
                50.0
            ],
            [
                6.5,
                6.75,
                25,
                29,
                50.0
            ],
            [
                6.75,
                7.0,
                25,
                25,
                50.0
            ],
            [
                7.75,
                8.0,
                26,
                27,
                35.593631
            ]
        ],
        "16": [
            [
                4.25,
                4.5,
                20,
                19,
                20.0
            ],
            [
                5.25,
                5.5,
                25,
                36,
                17.075168
            ],
            [
                6.5,
                6.75,
                20,
                18,
                20.0
            ]
        ],
        "17": [
            [
                6.0,
                6.25,
                26,
                15,
                50.0
            ],
            [
                6.25,
                6.5,
                25,
                12,
                50.0
            ],
            [
                6.75,
                7.0,
                22,
                0,
                22.0
            ],
            [
                8.0,
                8.25,
                26,
                30,
                50.0
            ],
            [
                9.5,
                9.75,
                26,
                21,
                25.615126
            ],
            [
                9.75,
                10.0,
                22,
                21,
                20.0
            ],
            [
                10.5,
                10.75,
                26,
                36,
                5.7960494
            ]
        ],
        "18": [
            [
                4.75,
                5.0,
                20,
                27,
                12.163113
            ],
            [
                5.25,
                5.5,
                26,
                5,
                50.0
            ],
            [
                7.0,
                7.25,
                26,
                26,
                40.551713
            ],
            [
                8.25,
                8.5,
                25,
                20,
                50.0
            ]
        ],
        "19": [
            [
                4.5,
                4.75,
                25,
                31,
                50.0
            ],
            [
                5.75,
                6.0,
                21,
                37,
                20.0
            ],
            [
                8.5,
                8.75,
                24,
                38,
                21.299583
            ],
            [
                11.5,
                11.75,
                23,
                1,
                22.0
            ],
            [
                11.75,
                12.0,
                23,
                15,
                22.0
            ]
        ],
        "20": [
            [
                5.25,
                5.5,
                22,
                14,
                20.0
            ],
            [
                6.75,
                7.0,
                24,
                28,
                13.364951
            ],
            [
                7.75,
                8.0,
                25,
                7,
                14.385664
            ]
        ],
        "21": [
            [
                5.25,
                5.5,
                25,
                1,
                32.924832
            ],
            [
                7.0,
                7.25,
                20,
                30,
                15.059021
            ],
            [
                12.25,
                12.5,
                25,
                8,
                48.0
            ]
        ],
        "22": [
            [
                5.0,
                5.25,
                25,
                18,
                49.598981
            ],
            [
                6.5,
                6.75,
                26,
                22,
                2.2863572
            ]
        ],
        "23": [
            [
                5.5,
                5.75,
                21,
                35,
                20.0
            ],
            [
                6.0,
                6.25,
                25,
                24,
                50.0
            ],
            [
                10.5,
                10.75,
                26,
                32,
                8.9992721
            ]
        ],
        "24": [
            [
                6.5,
                6.75,
                26,
                13,
                47.713643
            ]
        ],
        "25": [
            [
                7.0,
                7.25,
                25,
                11,
                50.0
            ],
            [
                7.25,
                7.5,
                25,
                20,
                50.0
            ],
            [
                7.75,
                8.0,
                24,
                1,
                18.555709
            ],
            [
                9.75,
                10.0,
                25,
                8,
                50.0
            ]
        ],
        "26": [
            [
                6.0,
                6.25,
                23,
                35,
                20.0
            ],
            [
                6.25,
                6.5,
                26,
                5,
                48.0
            ],
            [
                6.75,
                7.0,
                21,
                17,
                12.635049
            ],
            [
                8.0,
                8.25,
                25,
                1,
                50.0
            ],
            [
                9.0,
                9.25,
                25,
                35,
                31.926726
            ],
            [
                9.25,
                9.5,
                25,
                25,
                7.807393
            ],
            [
                10.25,
                10.5,
                25,
                29,
                50.0
            ]
        ],
        "27": [
            [
                7.5,
                7.75,
                26,
                31,
                9.4925695
            ],
            [
                10.0,
                10.25,
                25,
                23,
                50.0
            ],
            [
                10.5,
                10.75,
                23,
                18,
                20.0
            ]
        ],
        "28": [
            [
                7.0,
                7.25,
                22,
                17,
                14.389266
            ]
        ],
        "29": [
            [
                7.5,
                7.75,
                24,
                17,
                20.0
            ],
            [
                10.5,
                10.75,
                25,
                27,
                50.0
            ]
        ],
        "30": [
            [
                7.25,
                7.5,
                26,
                22,
                50.0
            ],
            [
                7.5,
                7.75,
                25,
                6,
                4.3734304
            ],
            [
                10.75,
                11.0,
                23,
                19,
                14.010602
            ]
        ],
        "31": [
            [
                7.25,
                7.5,
                21,
                7,
                20.0
            ],
            [
                8.5,
                8.75,
                25,
                22,
                50.0
            ],
            [
                10.75,
                11.0,
                23,
                2,
                5.9893984
            ],
            [
                13.0,
                13.25,
                20,
                34,
                20.0
            ],
            [
                13.25,
                13.5,
                25,
                15,
                1.9143425
            ]
        ],
        "32": [
            [
                7.5,
                7.75,
                26,
                36,
                40.50743
            ],
            [
                11.5,
                11.75,
                26,
                12,
                3.8892668
            ]
        ],
        "33": [
            [
                8.0,
                8.25,
                20,
                19,
                20.0
            ],
            [
                9.25,
                9.5,
                22,
                27,
                22.0
            ],
            [
                11.0,
                11.25,
                20,
                16,
                20.0
            ],
            [
                11.75,
                12.0,
                25,
                4,
                23.38105
            ]
        ],
        "35": [
            [
                7.75,
                8.0,
                23,
                13,
                15.850661
            ],
            [
                10.0,
                10.25,
                26,
                7,
                30.320049
            ]
        ],
        "36": [
            [
                9.25,
                9.5,
                25,
                20,
                42.192607
            ],
            [
                9.75,
                10.0,
                26,
                27,
                50.0
            ],
            [
                12.0,
                12.25,
                26,
                17,
                50.0
            ],
            [
                13.0,
                13.25,
                26,
                2,
                50.0
            ],
            [
                13.25,
                13.5,
                24,
                12,
                20.0
            ]
        ],
        "37": [
            [
                11.0,
                11.25,
                25,
                24,
                41.737009
            ]
        ],
        "38": [
            [
                8.25,
                8.5,
                23,
                25,
                22.0
            ],
            [
                8.75,
                9.0,
                21,
                13,
                22.0
            ]
        ],
        "39": [
            [
                8.5,
                8.75,
                26,
                2,
                48.700417
            ],
            [
                9.0,
                9.25,
                26,
                31,
                50.0
            ]
        ],
        "40": [
            [
                8.75,
                9.0,
                26,
                39,
                50.0
            ],
            [
                9.0,
                9.25,
                25,
                12,
                18.073274
            ]
        ],
        "41": [
            [
                9.5,
                9.75,
                26,
                33,
                24.384874
            ],
            [
                10.75,
                11.0,
                26,
                4,
                50.0
            ]
        ],
        "42": [
            [
                8.75,
                9.0,
                25,
                25,
                48.0
            ],
            [
                10.0,
                10.25,
                21,
                28,
                20.0
            ],
            [
                10.75,
                11.0,
                25,
                14,
                50.0
            ],
            [
                11.25,
                11.5,
                25,
                39,
                50.0
            ]
        ],
        "43": [
            [
                9.25,
                9.5,
                26,
                32,
                48.0
            ],
            [
                11.25,
                11.5,
                22,
                10,
                20.0
            ],
            [
                12.5,
                12.75,
                26,
                7,
                50.0
            ]
        ],
        "44": [
            [
                10.25,
                10.5,
                26,
                22,
                50.0
            ],
            [
                11.0,
                11.25,
                25,
                32,
                8.2629913
            ],
            [
                11.75,
                12.0,
                25,
                36,
                26.61895
            ],
            [
                12.5,
                12.75,
                25,
                11,
                50.0
            ]
        ],
        "45": [
            [
                10.0,
                10.25,
                26,
                3,
                19.679951
            ],
            [
                11.75,
                12.0,
                26,
                27,
                48.0
            ]
        ],
        "46": [
            [
                10.25,
                10.5,
                22,
                7,
                20.0
            ]
        ],
        "47": [
            [
                9.0,
                9.25,
                24,
                19,
                20.0
            ],
            [
                12.0,
                12.25,
                21,
                18,
                20.0
            ]
        ],
        "48": [
            [
                9.5,
                9.75,
                23,
                2,
                20.0
            ]
        ],
        "49": [
            [
                9.5,
                9.75,
                25,
                20,
                50.0
            ],
            [
                11.0,
                11.25,
                26,
                18,
                50.0
            ]
        ],
        "51": [
            [
                12.75,
                13.0,
                20,
                21,
                20.0
            ]
        ],
        "52": [
            [
                10.5,
                10.75,
                26,
                6,
                35.204679
            ],
            [
                12.75,
                13.0,
                26,
                1,
                50.0
            ],
            [
                13.5,
                13.75,
                26,
                30,
                8.0761762
            ]
        ],
        "54": [
            [
                12.0,
                12.25,
                25,
                32,
                50.0
            ]
        ],
        "56": [
            [
                12.25,
                12.5,
                26,
                4,
                50.0
            ]
        ],
        "57": [
            [
                11.25,
                11.5,
                26,
                4,
                50.0
            ],
            [
                11.5,
                11.75,
                26,
                18,
                46.110733
            ]
        ],
        "58": [
            [
                11.5,
                11.75,
                25,
                30,
                48.0
            ],
            [
                12.5,
                12.75,
                22,
                4,
                20.0
            ]
        ],
        "59": [
            [
                13.5,
                13.75,
                24,
                6,
                20.0
            ]
        ],
        "60": [
            [
                13.75,
                14.0,
                26,
                37,
                48.0
            ]
        ],
        "61": [
            [
                13.5,
                13.75,
                25,
                10,
                50.0
            ]
        ],
        "62": [
            [
                12.25,
                12.5,
                23,
                2,
                22.0
            ],
            [
                13.0,
                13.25,
                25,
                26,
                50.0
            ],
            [
                13.25,
                13.5,
                26,
                33,
                50.0
            ]
        ],
        "64": [
            [
                13.25,
                13.5,
                25,
                3,
                48.085657
            ]
        ],
        "65": [
            [
                12.75,
                13.0,
                25,
                4,
                50.0
            ]
        ],
        "66": [
            [
                13.75,
                14.0,
                20,
                9,
                22.0
            ]
        ],
        "68": [
            [
                13.5,
                13.75,
                26,
                28,
                41.923824
            ]
        ],
        "70": [
            [
                13.75,
                14.0,
                25,
                22,
                50.0
            ]
        ]
    },
    "extra_info": {
        "rejected_details": {
            "28": {
                "required_energy": 18.498564523571506,
                "delivered_energy": 14.389266,
                "unmet_energy": 4.109298523571507,
                "penalty_cost": 4109.298523571507
            },
            "34": {
                "required_energy": 51.67375046381218,
                "delivered_energy": 0,
                "unmet_energy": 51.67375046381218,
                "penalty_cost": 51673.75046381218
            },
            "35": {
                "required_energy": 57.24832418076371,
                "delivered_energy": 46.17071,
                "unmet_energy": 11.07761418076371,
                "penalty_cost": 11077.61418076371
            },
            "38": {
                "required_energy": 51.245415812286396,
                "delivered_energy": 44.0,
                "unmet_energy": 7.245415812286396,
                "penalty_cost": 7245.4158122863955
            },
            "46": {
                "required_energy": 55.95865354855938,
                "delivered_energy": 20.0,
                "unmet_energy": 35.95865354855938,
                "penalty_cost": 35958.653548559385
            },
            "47": {
                "required_energy": 55.697744296513726,
                "delivered_energy": 40.0,
                "unmet_energy": 15.697744296513726,
                "penalty_cost": 15697.744296513725
            },
            "48": {
                "required_energy": 20.828673675546106,
                "delivered_energy": 20.0,
                "unmet_energy": 0.8286736755461064,
                "penalty_cost": 828.6736755461063
            },
            "50": {
                "required_energy": 44.96665930364284,
                "delivered_energy": 0,
                "unmet_energy": 44.96665930364284,
                "penalty_cost": 44966.659303642846
            },
            "53": {
                "required_energy": 15.061059791553806,
                "delivered_energy": 0,
                "unmet_energy": 15.061059791553806,
                "penalty_cost": 15061.059791553806
            },
            "54": {
                "required_energy": 58.471050307838226,
                "delivered_energy": 50.0,
                "unmet_energy": 8.471050307838226,
                "penalty_cost": 8471.050307838226
            },
            "55": {
                "required_energy": 20.40229403834239,
                "delivered_energy": 0,
                "unmet_energy": 20.40229403834239,
                "penalty_cost": 20402.29403834239
            },
            "59": {
                "required_energy": 41.31739657145205,
                "delivered_energy": 20.0,
                "unmet_energy": 21.31739657145205,
                "penalty_cost": 21317.39657145205
            },
            "61": {
                "required_energy": 59.829023297581784,
                "delivered_energy": 50.0,
                "unmet_energy": 9.829023297581784,
                "penalty_cost": 9829.023297581785
            },
            "63": {
                "required_energy": 57.7975440771187,
                "delivered_energy": 0,
                "unmet_energy": 57.7975440771187,
                "penalty_cost": 57797.5440771187
            },
            "65": {
                "required_energy": 57.21580361339632,
                "delivered_energy": 50.0,
                "unmet_energy": 7.215803613396318,
                "penalty_cost": 7215.803613396318
            },
            "66": {
                "required_energy": 57.55362339944625,
                "delivered_energy": 22.0,
                "unmet_energy": 35.55362339944625,
                "penalty_cost": 35553.62339944625
            },
            "67": {
                "required_energy": 33.35369490607075,
                "delivered_energy": 0,
                "unmet_energy": 33.35369490607075,
                "penalty_cost": 33353.69490607075
            },
            "68": {
                "required_energy": 42.473336349746454,
                "delivered_energy": 41.923824,
                "unmet_energy": 0.5495123497464505,
                "penalty_cost": 549.5123497464505
            },
            "69": {
                "required_energy": 28.51571741360604,
                "delivered_energy": 0,
                "unmet_energy": 28.51571741360604,
                "penalty_cost": 28515.717413606042
            },
            "71": {
                "required_energy": 55.92739944570285,
                "delivered_energy": 0,
                "unmet_energy": 55.92739944570285,
                "penalty_cost": 55927.399445702846
            }
        },
        "milp_time": 55.29947304725647,
        "total_time": 58.9228253364563
    }
}