{
    "schedule": {
        "0": [
            [
                0.25,
                0.5,
                43,
                68,
                50.0
            ],
            [
                0.5,
                0.75,
                41,
                10,
                50.0
            ],
            [
                0.75,
                1.0,
                31,
                37,
                22.0
            ],
            [
                2.5,
                2.75,
                43,
                42,
                13.975662
            ]
        ],
        "1": [
            [
                0.25,
                0.5,
                42,
                15,
                50.0
            ],
            [
                0.5,
                0.75,
                39,
                27,
                24.197715
            ]
        ],
        "2": [
            [
                0.25,
                0.5,
                41,
                31,
                50.0
            ],
            [
                0.5,
                0.75,
                40,
                29,
                50.0
            ],
            [
                0.75,
                1.0,
                37,
                9,
                22.0
            ],
            [
                2.5,
                2.75,
                40,
                36,
                69.237518
            ]
        ],
        "3": [
            [
                0.5,
                0.75,
                44,
                79,
                34.0
            ],
            [
                0.75,
                1.0,
                35,
                17,
                6.0
            ],
            [
                0.75,
                1.0,
                42,
                17,
                50.0
            ],
            [
                1.75,
                2.0,
                41,
                23,
                50.0
            ]
        ],
        "4": [
            [
                0.5,
                0.75,
                37,
                72,
                22.0
            ],
            [
                2.25,
                2.5,
                43,
                76,
                102.90215
            ]
        ],
        "5": [
            [
                0.5,
                0.75,
                42,
                57,
                50.0
            ],
            [
                0.75,
                1.0,
                41,
                50,
                50.0
            ],
            [
                1.0,
                1.25,
                32,
                70,
                22.0
            ],
            [
                1.25,
                1.5,
                42,
                44,
                50.0
            ],
            [
                2.0,
                2.25,
                33,
                1,
                22.0
            ],
            [
                2.25,
                2.5,
                40,
                53,
                183.35635
            ],
            [
                2.75,
                3.0,
                42,
                75,
                50.0
            ]
        ],
        "6": [
            [
                0.5,
                0.75,
                32,
                8,
                22.0
            ],
            [
                1.5,
                1.75,
                41,
                39,
                50.0
            ],
            [
                4.5,
                4.75,
                43,
                58,
                71.477827
            ]
        ],
        "7": [
            [
                0.5,
                0.75,
                39,
                6,
                14.269141
            ],
            [
                0.5,
                0.75,
                43,
                6,
                60.773773
            ],
            [
                0.75,
                1.0,
                43,
                56,
                50.0
            ],
            [
                1.0,
                1.25,
                34,
                72,
                6.0
            ],
            [
                1.5,
                1.75,
                40,
                18,
                50.0
            ],
            [
                1.75,
                2.0,
                34,
                59,
                22.0
            ]
        ],
        "8": [
            [
                1.0,
                1.25,
                42,
                24,
                50.0
            ],
            [
                1.75,
                2.0,
                40,
                43,
                50.0
            ],
            [
                3.75,
                4.0,
                42,
                57,
                50.0
            ]
        ],
        "9": [
            [
                1.25,
                1.5,
                41,
                33,
                50.0
            ],
            [
                1.5,
                1.75,
                42,
                48,
                50.0
            ],
            [
                1.75,
                2.0,
                43,
                16,
                50.0
            ],
            [
                4.0,
                4.25,
                43,
                53,
                17.198314
            ]
        ],
        "10": [
            [
                0.75,
                1.0,
                40,
                15,
                50.0
            ],
            [
                0.75,
                1.0,
                44,
                15,
                50.0
            ]
        ],
        "11": [
            [
                1.75,
                2.0,
                42,
                6,
                38.963446
            ]
        ],
        "12": [
            [
                1.25,
                1.5,
                43,
                43,
                50.0
            ],
            [
                2.25,
                2.5,
                41,
                25,
                32.728338
            ]
        ],
        "13": [
            [
                1.25,
                1.5,
                40,
                18,
                10.982197
            ],
            [
                2.0,
                2.25,
                43,
                42,
                50.0
            ],
            [
                2.75,
                3.0,
                43,
                36,
                76.90466
            ]
        ],
        "14": [
            [
                1.0,
                1.25,
                33,
                79,
                22.0
            ],
            [
                1.25,
                1.5,
                44,
                59,
                50.0
            ],
            [
                1.5,
                1.75,
                38,
                29,
                22.0
            ],
            [
                2.0,
                2.25,
                40,
                41,
                50.0
            ],
            [
                2.25,
                2.5,
                41,
                66,
                17.09399
            ],
            [
                3.25,
                3.5,
                43,
                23,
                50.0
            ]
        ],
        "15": [
            [
                1.0,
                1.25,
                41,
                54,
                50.0
            ]
        ],
        "16": [
            [
                1.0,
                1.25,
                40,
                55,
                50.0
            ],
            [
                1.5,
                1.75,
                43,
                43,
                50.0
            ],
            [
                3.25,
                3.5,
                41,
                37,
                28.263866
            ]
        ],
        "17": [
            [
                1.0,
                1.25,
                43,
                56,
                50.0
            ],
            [
                1.25,
                1.5,
                36,
                22,
                84.853457
            ],
            [
                2.25,
                2.5,
                32,
                62,
                22.0
            ],
            [
                2.75,
                3.0,
                40,
                57,
                50.0
            ],
            [
                3.0,
                3.25,
                43,
                73,
                50.0
            ]
        ],
        "18": [
            [
                1.0,
                1.25,
                44,
                18,
                50.0
            ],
            [
                3.0,
                3.25,
                40,
                58,
                50.0
            ],
            [
                3.75,
                4.0,
                44,
                0,
                39.266953
            ],
            [
                4.0,
                4.25,
                44,
                16,
                7.8894819
            ]
        ],
        "19": [
            [
                1.25,
                1.5,
                40,
                61,
                39.017803
            ],
            [
                1.5,
                1.75,
                44,
                2,
                56.0
            ]
        ],
        "20": [
            [
                1.25,
                1.5,
                37,
                57,
                22.0
            ],
            [
                3.75,
                4.0,
                40,
                32,
                190.20334
            ]
        ],
        "21": [
            [
                1.75,
                2.0,
                42,
                59,
                27.929038
            ]
        ],
        "22": [
            [
                1.75,
                2.0,
                30,
                4,
                28.0
            ],
            [
                3.25,
                3.5,
                39,
                24,
                22.0
            ]
        ],
        "23": [
            [
                1.5,
                1.75,
                37,
                9,
                22.0
            ],
            [
                2.0,
                2.25,
                16,
                50,
                6.0
            ],
            [
                2.25,
                2.5,
                36,
                44,
                28.0
            ],
            [
                3.0,
                3.25,
                34,
                70,
                22.0
            ],
            [
                3.5,
                3.75,
                41,
                55,
                50.0
            ],
            [
                4.5,
                4.75,
                41,
                74,
                24.70149
            ]
        ],
        "24": [
            [
                1.75,
                2.0,
                44,
                10,
                50.0
            ],
            [
                2.25,
                2.5,
                41,
                49,
                0.17767203
            ],
            [
                2.5,
                2.75,
                42,
                67,
                67.070163
            ]
        ],
        "25": [
            [
                2.0,
                2.25,
                30,
                53,
                22.0
            ],
            [
                2.5,
                2.75,
                41,
                22,
                50.0
            ],
            [
                3.0,
                3.25,
                41,
                53,
                50.0
            ],
            [
                4.25,
                4.5,
                40,
                14,
                17.240342
            ],
            [
                4.25,
                4.5,
                44,
                14,
                7.0451261
            ]
        ],
        "26": [
            [
                2.0,
                2.25,
                43,
                36,
                33.048386
            ],
            [
                2.25,
                2.5,
                44,
                51,
                50.0
            ],
            [
                3.25,
                3.5,
                40,
                42,
                10.628935
            ],
            [
                3.25,
                3.5,
                41,
                42,
                39.371065
            ]
        ],
        "27": [
            [
                2.25,
                2.5,
                42,
                31,
                54.039885
            ],
            [
                4.25,
                4.5,
                42,
                60,
                50.0
            ]
        ],
        "28": [
            [
                2.0,
                2.25,
                42,
                45,
                50.0
            ],
            [
                3.0,
                3.25,
                40,
                44,
                58.876753
            ]
        ],
        "29": [
            [
                2.0,
                2.25,
                41,
                40,
                9.1336959
            ],
            [
                5.0,
                5.25,
                41,
                60,
                152.27453
            ]
        ],
        "30": [
            [
                2.0,
                2.25,
                41,
                60,
                40.866304
            ]
        ],
        "31": [
            [
                2.0,
                2.25,
                44,
                71,
                50.0
            ],
            [
                2.5,
                2.75,
                36,
                62,
                28.0
            ],
            [
                2.75,
                3.0,
                36,
                25,
                22.0
            ],
            [
                2.75,
                3.0,
                41,
                25,
                35.657222
            ],
            [
                3.75,
                4.0,
                43,
                55,
                62.445283
            ]
        ],
        "32": [
            [
                2.75,
                3.0,
                41,
                46,
                28.918689
            ]
        ],
        "33": [
            [
                2.5,
                2.75,
                43,
                53,
                125.32144
            ],
            [
                3.75,
                4.0,
                44,
                14,
                10.733047
            ]
        ],
        "34": [
            [
                2.5,
                2.75,
                44,
                29,
                50.0
            ],
            [
                2.75,
                3.0,
                44,
                19,
                165.39802
            ],
            [
                3.0,
                3.25,
                36,
                14,
                22.0
            ],
            [
                3.0,
                3.25,
                39,
                14,
                6.0
            ],
            [
                3.5,
                3.75,
                43,
                66,
                50.0
            ],
            [
                3.75,
                4.0,
                34,
                19,
                117.63479
            ],
            [
                3.75,
                4.0,
                39,
                19,
                104.83618
            ],
            [
                4.25,
                4.5,
                30,
                46,
                22.0
            ],
            [
                4.5,
                4.75,
                37,
                74,
                75.29851
            ],
            [
                4.75,
                5.0,
                31,
                76,
                22.0
            ],
            [
                5.0,
                5.25,
                40,
                13,
                50.0
            ]
        ],
        "35": [
            [
                2.5,
                2.75,
                38,
                56,
                22.0
            ],
            [
                2.75,
                3.0,
                33,
                47,
                22.0
            ],
            [
                3.75,
                4.0,
                41,
                71,
                50.0
            ],
            [
                4.25,
                4.5,
                42,
                34,
                49.26096
            ]
        ],
        "36": [
            [
                3.25,
                3.5,
                44,
                2,
                34.0
            ],
            [
                3.75,
                4.0,
                40,
                41,
                48.060702
            ]
        ],
        "37": [
            [
                3.0,
                3.25,
                42,
                57,
                50.0
            ],
            [
                3.25,
                3.5,
                42,
                40,
                50.0
            ],
            [
                3.5,
                3.75,
                33,
                33,
                22.0
            ],
            [
                4.0,
                4.25,
                42,
                23,
                75.65437
            ]
        ],
        "38": [
            [
                4.75,
                5.0,
                44,
                35,
                244.52549
            ]
        ],
        "39": [
            [
                2.75,
                3.0,
                43,
                3,
                50.0
            ],
            [
                3.25,
                3.5,
                31,
                71,
                22.0
            ],
            [
                4.0,
                4.25,
                37,
                5,
                22.0
            ],
            [
                4.5,
                4.75,
                44,
                11,
                50.0
            ],
            [
                5.5,
                5.75,
                43,
                40,
                38.508241
            ]
        ],
        "40": [
            [
                3.25,
                3.5,
                38,
                15,
                22.0
            ],
            [
                5.25,
                5.5,
                42,
                49,
                103.6968
            ]
        ],
        "41": [
            [
                2.75,
                3.0,
                38,
                48,
                22.0
            ],
            [
                3.0,
                3.25,
                44,
                43,
                50.0
            ],
            [
                4.0,
                4.25,
                40,
                36,
                52.462266
            ],
            [
                4.0,
                4.25,
                41,
                36,
                50.0
            ],
            [
                4.25,
                4.5,
                31,
                20,
                22.0
            ]
        ],
        "42": [
            [
                3.25,
                3.5,
                40,
                45,
                39.371065
            ]
        ],
        "43": [
            [
                3.5,
                3.75,
                37,
                79,
                28.0
            ],
            [
                3.5,
                3.75,
                42,
                79,
                50.0
            ],
            [
                4.0,
                4.25,
                31,
                47,
                28.0
            ],
            [
                4.25,
                4.5,
                43,
                15,
                50.0
            ],
            [
                5.0,
                5.25,
                44,
                3,
                50.0
            ]
        ],
        "44": [
            [
                3.5,
                3.75,
                40,
                20,
                50.0
            ],
            [
                3.75,
                4.0,
                38,
                26,
                22.0
            ],
            [
                4.0,
                4.25,
                44,
                0,
                42.110518
            ]
        ],
        "45": [
            [
                3.5,
                3.75,
                44,
                35,
                50.0
            ],
            [
                4.75,
                5.0,
                40,
                19,
                50.0
            ],
            [
                5.25,
                5.5,
                40,
                62,
                5.8934046
            ]
        ],
        "46": [
            [
                4.25,
                4.5,
                44,
                43,
                42.954874
            ]
        ],
        "47": [
            [
                4.0,
                4.25,
                43,
                25,
                32.801686
            ],
            [
                4.25,
                4.5,
                37,
                16,
                36.538207
            ],
            [
                4.75,
                5.0,
                42,
                1,
                50.0
            ],
            [
                6.0,
                6.25,
                43,
                49,
                227.59599
            ]
        ],
        "48": [
            [
                4.25,
                4.5,
                40,
                77,
                61.141459
            ],
            [
                4.25,
                4.5,
                41,
                77,
                50.0
            ]
        ],
        "49": [
            [
                4.5,
                4.75,
                40,
                20,
                50.0
            ],
            [
                4.5,
                4.75,
                42,
                20,
                175.46027
            ]
        ],
        "50": [
            [
                5.25,
                5.5,
                43,
                34,
                19.40467
            ]
        ],
        "51": [
            [
                5.0,
                5.25,
                34,
                12,
                22.0
            ],
            [
                6.25,
                6.5,
                40,
                38,
                94.107559
            ]
        ],
        "52": [
            [
                4.75,
                5.0,
                43,
                17,
                50.0
            ],
            [
                5.0,
                5.25,
                35,
                48,
                22.0
            ],
            [
                5.75,
                6.0,
                42,
                60,
                50.0
            ],
            [
                6.0,
                6.25,
                40,
                75,
                181.76007
            ]
        ],
        "53": [
            [
                4.75,
                5.0,
                41,
                27,
                50.0
            ],
            [
                5.0,
                5.25,
                42,
                69,
                36.436408
            ],
            [
                5.0,
                5.25,
                43,
                69,
                50.0
            ],
            [
                5.25,
                5.5,
                31,
                70,
                22.0
            ]
        ],
        "54": [
            [
                4.75,
                5.0,
                34,
                66,
                28.0
            ],
            [
                5.0,
                5.25,
                42,
                51,
                150.89007
            ],
            [
                5.75,
                6.0,
                44,
                54,
                5.6996327
            ],
            [
                6.25,
                6.5,
                33,
                6,
                6.0
            ]
        ],
        "55": [
            [
                5.75,
                6.0,
                44,
                31,
                19.345415
            ]
        ],
        "56": [
            [
                5.25,
                5.5,
                33,
                48,
                28.0
            ],
            [
                5.25,
                5.5,
                40,
                48,
                44.106595
            ],
            [
                5.25,
                5.5,
                43,
                48,
                9.2128611
            ]
        ],
        "57": [
            [
                5.0,
                5.25,
                36,
                72,
                22.0
            ],
            [
                5.25,
                5.5,
                43,
                18,
                21.382468
            ]
        ],
        "58": [
            [
                5.25,
                5.5,
                41,
                64,
                50.0
            ],
            [
                5.5,
                5.75,
                41,
                57,
                21.007357
            ],
            [
                5.5,
                5.75,
                43,
                57,
                11.491759
            ],
            [
                6.0,
                6.25,
                41,
                21,
                37.161718
            ],
            [
                7.0,
                7.25,
                39,
                22,
                6.0
            ]
        ],
        "59": [
            [
                5.25,
                5.5,
                44,
                29,
                50.0
            ],
            [
                5.5,
                5.75,
                30,
                69,
                22.0
            ],
            [
                5.75,
                6.0,
                41,
                13,
                41.045048
            ],
            [
                5.75,
                6.0,
                42,
                13,
                8.954952
            ],
            [
                6.0,
                6.25,
                39,
                74,
                22.0
            ],
            [
                6.75,
                7.0,
                44,
                66,
                272.21666
            ]
        ],
        "60": [
            [
                5.5,
                5.75,
                31,
                59,
                22.0
            ],
            [
                5.75,
                6.0,
                40,
                72,
                50.0
            ],
            [
                6.0,
                6.25,
                44,
                58,
                227.59599
            ],
            [
                7.5,
                7.75,
                0,
                13,
                15.560826
            ],
            [
                8.25,
                8.5,
                44,
                63,
                50.0
            ]
        ],
        "61": [
            [
                5.5,
                5.75,
                41,
                11,
                28.992643
            ],
            [
                5.75,
                6.0,
                36,
                14,
                22.0
            ],
            [
                6.0,
                6.25,
                44,
                47,
                50.0
            ]
        ],
        "62": [
            [
                5.5,
                5.75,
                44,
                75,
                50.0
            ],
            [
                5.75,
                6.0,
                41,
                74,
                8.954952
            ]
        ],
        "63": [
            [
                5.5,
                5.75,
                34,
                36,
                29.206927
            ],
            [
                5.5,
                5.75,
                40,
                36,
                61.153294
            ],
            [
                5.75,
                6.0,
                31,
                30,
                22.0
            ],
            [
                6.0,
                6.25,
                33,
                62,
                22.0
            ],
            [
                6.5,
                6.75,
                43,
                23,
                50.0
            ]
        ],
        "64": [
            [
                5.75,
                6.0,
                43,
                63,
                50.0
            ],
            [
                6.0,
                6.25,
                40,
                23,
                50.0
            ],
            [
                6.25,
                6.5,
                41,
                57,
                279.83339
            ]
        ],
        "65": [
            [
                5.5,
                5.75,
                42,
                54,
                50.0
            ],
            [
                5.75,
                6.0,
                34,
                18,
                22.0
            ],
            [
                6.0,
                6.25,
                37,
                67,
                6.0
            ]
        ],
        "66": [
            [
                6.0,
                6.25,
                41,
                22,
                199.90474
            ],
            [
                6.0,
                6.25,
                42,
                22,
                50.0
            ],
            [
                6.25,
                6.5,
                34,
                39,
                22.0
            ],
            [
                6.75,
                7.0,
                33,
                23,
                6.0
            ],
            [
                7.75,
                8.0,
                44,
                3,
                50.0
            ],
            [
                9.0,
                9.25,
                38,
                45,
                28.0
            ],
            [
                10.0,
                10.25,
                43,
                77,
                50.0
            ],
            [
                12.5,
                12.75,
                32,
                22,
                6.0
            ]
        ],
        "67": [
            [
                6.25,
                6.5,
                40,
                31,
                56.373424
            ]
        ],
        "68": [
            [
                6.25,
                6.5,
                31,
                58,
                22.0
            ],
            [
                6.75,
                7.0,
                43,
                64,
                50.0
            ],
            [
                7.0,
                7.25,
                39,
                69,
                22.0
            ],
            [
                7.25,
                7.5,
                39,
                18,
                22.0
            ],
            [
                8.75,
                9.0,
                44,
                35,
                68.14936
            ]
        ],
        "69": [
            [
                6.25,
                6.5,
                43,
                78,
                55.538246
            ]
        ],
        "70": [
            [
                6.25,
                6.5,
                42,
                19,
                75.051983
            ]
        ],
        "71": [
            [
                6.5,
                6.75,
                44,
                30,
                50.0
            ],
            [
                7.0,
                7.25,
                43,
                51,
                169.87788
            ]
        ],
        "72": [
            [
                6.25,
                6.5,
                44,
                2,
                50.0
            ],
            [
                6.5,
                6.75,
                40,
                51,
                50.0
            ],
            [
                6.75,
                7.0,
                40,
                62,
                7.23855
            ],
            [
                8.0,
                8.25,
                43,
                52,
                37.674609
            ],
            [
                10.5,
                10.75,
                43,
                44,
                9.4132496
            ]
        ],
        "73": [
            [
                6.75,
                7.0,
                41,
                69,
                50.0
            ],
            [
                7.25,
                7.5,
                42,
                26,
                50.0
            ],
            [
                8.75,
                9.0,
                41,
                30,
                50.0
            ]
        ],
        "74": [
            [
                6.5,
                6.75,
                41,
                70,
                50.0
            ],
            [
                7.75,
                8.0,
                38,
                25,
                22.0
            ],
            [
                8.0,
                8.25,
                41,
                2,
                50.0
            ],
            [
                11.5,
                11.75,
                41,
                14,
                38.271276
            ]
        ],
        "75": [
            [
                7.0,
                7.25,
                40,
                45,
                50.0
            ],
            [
                8.75,
                9.0,
                36,
                28,
                22.0
            ],
            [
                10.5,
                10.75,
                43,
                2,
                40.58675
            ]
        ],
        "76": [
            [
                6.5,
                6.75,
                39,
                46,
                22.0
            ],
            [
                6.75,
                7.0,
                40,
                47,
                42.76145
            ],
            [
                8.0,
                8.25,
                37,
                26,
                28.0
            ]
        ],
        "77": [
            [
                6.5,
                6.75,
                34,
                0,
                22.0
            ],
            [
                7.25,
                7.5,
                44,
                36,
                91.266946
            ]
        ],
        "78": [
            [
                6.5,
                6.75,
                31,
                12,
                6.0
            ],
            [
                6.5,
                6.75,
                42,
                12,
                50.0
            ],
            [
                6.75,
                7.0,
                30,
                15,
                22.0
            ],
            [
                7.0,
                7.25,
                32,
                20,
                22.0
            ],
            [
                7.5,
                7.75,
                43,
                23,
                50.0
            ],
            [
                7.75,
                8.0,
                43,
                26,
                50.0
            ],
            [
                8.5,
                8.75,
                44,
                6,
                50.0
            ],
            [
                11.0,
                11.25,
                40,
                32,
                47.780605
            ],
            [
                12.0,
                12.25,
                30,
                3,
                6.0
            ]
        ],
        "79": [
            [
                6.75,
                7.0,
                34,
                38,
                22.0
            ],
            [
                7.5,
                7.75,
                41,
                19,
                50.0
            ],
            [
                9.0,
                9.25,
                44,
                35,
                50.0
            ],
            [
                11.5,
                11.75,
                42,
                76,
                50.0
            ]
        ],
        "80": [
            [
                6.75,
                7.0,
                42,
                19,
                50.0
            ],
            [
                13.75,
                14.0,
                44,
                41,
                70.967189
            ]
        ],
        "81": [
            [
                7.0,
                7.25,
                41,
                46,
                50.0
            ],
            [
                7.25,
                7.5,
                41,
                55,
                50.0
            ],
            [
                11.75,
                12.0,
                41,
                16,
                43.576002
            ]
        ],
        "82": [
            [
                7.0,
                7.25,
                42,
                29,
                50.0
            ],
            [
                9.0,
                9.25,
                43,
                23,
                50.009281
            ],
            [
                11.75,
                12.0,
                34,
                52,
                22.0
            ]
        ],
        "83": [
            [
                11.25,
                11.5,
                42,
                37,
                132.68726
            ]
        ],
        "84": [
            [
                9.0,
                9.25,
                42,
                41,
                50.0
            ],
            [
                11.25,
                11.5,
                42,
                69,
                50.0
            ]
        ],
        "85": [
            [
                7.25,
                7.5,
                42,
                51,
                171.53574
            ]
        ],
        "86": [
            [
                9.5,
                9.75,
                39,
                56,
                22.0
            ],
            [
                10.25,
                10.5,
                40,
                24,
                50.0
            ],
            [
                11.5,
                11.75,
                43,
                11,
                50.0
            ],
            [
                11.75,
                12.0,
                44,
                31,
                68.422452
            ]
        ],
        "87": [
            [
                7.25,
                7.5,
                33,
                74,
                22.0
            ],
            [
                9.5,
                9.75,
                44,
                51,
                50.0
            ],
            [
                12.25,
                12.5,
                40,
                69,
                50.0
            ],
            [
                12.5,
                12.75,
                44,
                63,
                10.07756
            ]
        ],
        "88": [
            [
                7.0,
                7.25,
                44,
                77,
                50.0
            ],
            [
                8.0,
                8.25,
                43,
                41,
                50.0
            ],
            [
                9.25,
                9.5,
                44,
                71,
                50.0
            ],
            [
                9.5,
                9.75,
                30,
                27,
                6.0
            ],
            [
                10.0,
                10.25,
                44,
                1,
                50.0
            ]
        ],
        "89": [
            [
                8.5,
                8.75,
                40,
                29,
                30.663478
            ],
            [
                9.25,
                9.5,
                43,
                69,
                50.0
            ]
        ],
        "90": [
            [
                10.25,
                10.5,
                44,
                33,
                64.193374
            ]
        ],
        "91": [
            [
                7.5,
                7.75,
                40,
                65,
                63.5803
            ],
            [
                12.0,
                12.25,
                38,
                27,
                22.0
            ]
        ],
        "92": [
            [
                8.5,
                8.75,
                41,
                70,
                50.0
            ],
            [
                11.5,
                11.75,
                42,
                3,
                43.679925
            ],
            [
                12.25,
                12.5,
                42,
                17,
                177.20854
            ]
        ],
        "93": [
            [
                7.25,
                7.5,
                43,
                35,
                62.783273
            ]
        ],
        "94": [
            [
                8.75,
                9.0,
                44,
                2,
                50.0
            ],
            [
                11.25,
                11.5,
                34,
                8,
                34.992349
            ]
        ],
        "95": [
            [
                7.25,
                7.5,
                40,
                32,
                50.0
            ],
            [
                8.25,
                8.5,
                31,
                74,
                128.0
            ],
            [
                9.75,
                10.0,
                42,
                79,
                50.0
            ],
            [
                11.75,
                12.0,
                43,
                29,
                37.968684
            ],
            [
                12.5,
                12.75,
                44,
                23,
                50.0
            ],
            [
                13.75,
                14.0,
                3,
                22,
                6.0
            ]
        ],
        "96": [
            [
                7.25,
                7.5,
                38,
                50,
                22.0
            ],
            [
                8.75,
                9.0,
                42,
                71,
                50.0
            ],
            [
                9.25,
                9.5,
                42,
                58,
                82.043596
            ],
            [
                11.0,
                11.25,
                40,
                49,
                2.2193954
            ],
            [
                12.5,
                12.75,
                39,
                9,
                22.0
            ]
        ],
        "97": [
            [
                7.5,
                7.75,
                33,
                34,
                22.0
            ],
            [
                8.0,
                8.25,
                44,
                65,
                50.0
            ],
            [
                8.75,
                9.0,
                40,
                20,
                50.0
            ],
            [
                9.75,
                10.0,
                44,
                17,
                61.899635
            ],
            [
                11.25,
                11.5,
                34,
                21,
                22.0
            ]
        ],
        "98": [
            [
                7.75,
                8.0,
                40,
                28,
                50.0
            ],
            [
                8.5,
                8.75,
                42,
                3,
                18.184198
            ],
            [
                10.75,
                11.0,
                22,
                10,
                6.0
            ]
        ],
        "99": [
            [
                7.25,
                7.5,
                27,
                68,
                101.89734
            ],
            [
                8.25,
                8.5,
                43,
                51,
                50.0
            ]
        ],
        "100": [
            [
                9.0,
                9.25,
                36,
                56,
                22.0
            ],
            [
                9.5,
                9.75,
                40,
                69,
                20.890377
            ]
        ],
        "101": [
            [
                7.5,
                7.75,
                34,
                70,
                22.0
            ],
            [
                7.75,
                8.0,
                41,
                39,
                13.571932
            ],
            [
                7.75,
                8.0,
                42,
                39,
                50.0
            ],
            [
                8.0,
                8.25,
                42,
                10,
                50.0
            ],
            [
                8.5,
                8.75,
                36,
                27,
                22.0
            ],
            [
                9.25,
                9.5,
                33,
                68,
                22.0
            ]
        ],
        "102": [
            [
                7.5,
                7.75,
                42,
                62,
                50.0
            ],
            [
                7.75,
                8.0,
                41,
                77,
                36.428068
            ],
            [
                8.5,
                8.75,
                34,
                73,
                28.0
            ],
            [
                9.25,
                9.5,
                34,
                15,
                22.0
            ]
        ],
        "103": [
            [
                7.5,
                7.75,
                44,
                60,
                50.0
            ],
            [
                7.75,
                8.0,
                39,
                35,
                28.0
            ],
            [
                8.0,
                8.25,
                40,
                23,
                16.157359
            ],
            [
                8.75,
                9.0,
                43,
                14,
                50.0
            ]
        ],
        "104": [
            [
                9.75,
                10.0,
                40,
                41,
                94.471314
            ],
            [
                12.0,
                12.25,
                41,
                45,
                50.0
            ]
        ],
        "105": [
            [
                9.25,
                9.5,
                41,
                12,
                58.561497
            ]
        ],
        "106": [
            [
                8.0,
                8.25,
                40,
                55,
                33.842641
            ],
            [
                9.0,
                9.25,
                40,
                10,
                50.0
            ]
        ],
        "107": [
            [
                8.5,
                8.75,
                40,
                49,
                19.336522
            ],
            [
                10.0,
                10.25,
                42,
                11,
                60.211595
            ],
            [
                10.25,
                10.5,
                36,
                12,
                22.0
            ],
            [
                12.0,
                12.25,
                32,
                6,
                22.0
            ]
        ],
        "108": [
            [
                10.0,
                10.25,
                41,
                12,
                50.0
            ],
            [
                11.5,
                11.75,
                40,
                15,
                4.3816885
            ],
            [
                13.75,
                14.0,
                43,
                50,
                203.17209
            ]
        ],
        "109": [
            [
                9.75,
                10.0,
                41,
                36,
                43.070302
            ]
        ],
        "110": [
            [
                9.25,
                9.5,
                38,
                35,
                6.0
            ],
            [
                10.75,
                11.0,
                42,
                73,
                74.371741
            ]
        ],
        "111": [
            [
                8.0,
                8.25,
                31,
                54,
                22.0
            ],
            [
                8.75,
                9.0,
                37,
                11,
                22.0
            ],
            [
                9.75,
                10.0,
                22,
                56,
                6.0
            ],
            [
                10.5,
                10.75,
                39,
                50,
                50.0
            ],
            [
                10.75,
                11.0,
                40,
                35,
                50.0
            ]
        ],
        "112": [
            [
                9.5,
                9.75,
                42,
                22,
                50.0
            ],
            [
                12.25,
                12.5,
                42,
                22,
                12.20307
            ]
        ],
        "113": [
            [
                10.0,
                10.25,
                43,
                13,
                57.662796
            ],
            [
                10.25,
                10.5,
                43,
                68,
                51.782237
            ]
        ],
        "114": [
            [
                8.25,
                8.5,
                36,
                63,
                22.0
            ],
            [
                9.0,
                9.25,
                43,
                58,
                50.0
            ],
            [
                9.75,
                10.0,
                31,
                35,
                22.0
            ],
            [
                10.0,
                10.25,
                34,
                34,
                22.0
            ],
            [
                10.25,
                10.5,
                38,
                53,
                6.0
            ],
            [
                10.75,
                11.0,
                33,
                32,
                22.0
            ]
        ],
        "115": [
            [
                8.25,
                8.5,
                41,
                65,
                50.0
            ],
            [
                8.5,
                8.75,
                43,
                54,
                50.0
            ],
            [
                9.25,
                9.5,
                40,
                67,
                95.602845
            ]
        ],
        "116": [
            [
                11.75,
                12.0,
                40,
                44,
                50.0
            ],
            [
                12.5,
                12.75,
                42,
                62,
                50.0
            ]
        ],
        "117": [
            [
                10.5,
                10.75,
                44,
                6,
                50.0
            ],
            [
                11.5,
                11.75,
                41,
                73,
                50.0
            ],
            [
                12.5,
                12.75,
                41,
                54,
                50.0
            ],
            [
                13.0,
                13.25,
                43,
                29,
                53.835248
            ],
            [
                13.75,
                14.0,
                41,
                69,
                1.084068
            ]
        ],
        "118": [
            [
                9.75,
                10.0,
                37,
                62,
                22.0
            ],
            [
                9.75,
                10.0,
                41,
                62,
                6.9296976
            ],
            [
                10.0,
                10.25,
                33,
                79,
                22.0
            ],
            [
                10.25,
                10.5,
                41,
                57,
                50.0
            ]
        ],
        "119": [
            [
                8.5,
                8.75,
                42,
                59,
                31.815802
            ],
            [
                9.0,
                9.25,
                41,
                66,
                50.0
            ],
            [
                10.0,
                10.25,
                5,
                51,
                6.0
            ],
            [
                11.75,
                12.0,
                36,
                26,
                28.0
            ],
            [
                12.75,
                13.0,
                30,
                69,
                22.0
            ]
        ],
        "120": [
            [
                8.75,
                9.0,
                33,
                61,
                6.0
            ],
            [
                9.5,
                9.75,
                30,
                7,
                22.0
            ],
            [
                11.75,
                12.0,
                41,
                27,
                6.4239981
            ],
            [
                11.75,
                12.0,
                42,
                27,
                61.857058
            ]
        ],
        "121": [
            [
                9.5,
                9.75,
                41,
                14,
                62.283145
            ],
            [
                11.0,
                11.25,
                41,
                58,
                50.0
            ]
        ],
        "122": [
            [
                9.5,
                9.75,
                43,
                62,
                50.0
            ],
            [
                10.5,
                10.75,
                41,
                39,
                50.0
            ],
            [
                11.25,
                11.5,
                33,
                50,
                22.0
            ],
            [
                11.5,
                11.75,
                40,
                62,
                45.618311
            ]
        ],
        "123": [
            [
                9.5,
                9.75,
                40,
                21,
                29.109623
            ],
            [
                12.0,
                12.25,
                42,
                0,
                2.3671483
            ],
            [
                13.0,
                13.25,
                43,
                32,
                50.0
            ],
            [
                13.5,
                13.75,
                41,
                60,
                93.627873
            ]
        ],
        "124": [
            [
                11.0,
                11.25,
                42,
                41,
                50.0
            ],
            [
                12.25,
                12.5,
                43,
                26,
                50.0
            ]
        ],
        "125": [
            [
                13.0,
                13.25,
                44,
                61,
                76.353245
            ]
        ],
        "126": [
            [
                11.25,
                11.5,
                37,
                57,
                76.12564
            ]
        ],
        "127": [
            [
                10.25,
                10.5,
                42,
                59,
                50.0
            ],
            [
                11.25,
                11.5,
                44,
                51,
                50.0
            ],
            [
                12.25,
                12.5,
                38,
                62,
                6.0
            ],
            [
                12.5,
                12.75,
                40,
                47,
                50.0
            ],
            [
                12.75,
                13.0,
                42,
                19,
                45.445617
            ],
            [
                13.25,
                13.5,
                43,
                3,
                24.796202
            ]
        ],
        "128": [
            [
                11.0,
                11.25,
                44,
                53,
                67.963228
            ],
            [
                13.0,
                13.25,
                30,
                1,
                22.0
            ],
            [
                13.25,
                13.5,
                32,
                29,
                22.0
            ]
        ],
        "129": [
            [
                10.25,
                10.5,
                37,
                17,
                22.0
            ],
            [
                10.75,
                11.0,
                31,
                78,
                22.0
            ],
            [
                11.0,
                11.25,
                43,
                36,
                2.6985217
            ],
            [
                11.0,
                11.25,
                44,
                36,
                3.8835368
            ],
            [
                12.0,
                12.25,
                44,
                8,
                50.0
            ]
        ],
        "130": [
            [
                9.75,
                10.0,
                43,
                29,
                66.897108
            ],
            [
                10.75,
                11.0,
                43,
                65,
                50.0
            ]
        ],
        "131": [
            [
                10.75,
                11.0,
                41,
                59,
                50.0
            ],
            [
                10.75,
                11.0,
                44,
                59,
                50.0
            ],
            [
                11.25,
                11.5,
                41,
                31,
                50.0
            ],
            [
                12.75,
                13.0,
                42,
                31,
                4.554383
            ]
        ],
        "132": [
            [
                10.0,
                10.25,
                40,
                28,
                68.220121
            ]
        ],
        "133": [
            [
                10.5,
                10.75,
                40,
                5,
                50.0
            ],
            [
                11.0,
                11.25,
                39,
                37,
                22.0
            ],
            [
                11.25,
                11.5,
                43,
                12,
                50.0
            ],
            [
                12.25,
                12.5,
                30,
                1,
                22.0
            ],
            [
                12.75,
                13.0,
                35,
                68,
                6.0
            ],
            [
                13.5,
                13.75,
                29,
                66,
                6.0
            ]
        ],
        "134": [
            [
                10.5,
                10.75,
                42,
                12,
                50.0
            ],
            [
                11.0,
                11.25,
                34,
                71,
                22.0
            ],
            [
                11.25,
                11.5,
                41,
                5,
                2.0171886
            ],
            [
                11.5,
                11.75,
                44,
                48,
                50.890221
            ],
            [
                12.25,
                12.5,
                31,
                30,
                22.0
            ]
        ],
        "135": [
            [
                11.0,
                11.25,
                43,
                52,
                95.689399
            ],
            [
                12.75,
                13.0,
                40,
                45,
                50.0
            ],
            [
                13.75,
                14.0,
                41,
                32,
                50.0
            ]
        ],
        "136": [
            [
                12.0,
                12.25,
                42,
                20,
                47.632852
            ],
            [
                13.0,
                13.25,
                41,
                56,
                50.0
            ]
        ],
        "137": [
            [
                11.0,
                11.25,
                36,
                24,
                6.0
            ],
            [
                11.5,
                11.75,
                39,
                75,
                61.90395
            ],
            [
                12.0,
                12.25,
                40,
                61,
                50.0
            ]
        ],
        "138": [
            [
                11.25,
                11.5,
                40,
                10,
                50.0
            ],
            [
                12.5,
                12.75,
                34,
                35,
                22.0
            ],
            [
                13.0,
                13.25,
                34,
                11,
                65.789088
            ],
            [
                13.0,
                13.25,
                39,
                11,
                22.0
            ],
            [
                13.0,
                13.25,
                42,
                11,
                50.0
            ]
        ],
        "139": [
            [
                11.75,
                12.0,
                43,
                57,
                12.031316
            ],
            [
                13.25,
                13.5,
                9,
                26,
                6.0
            ],
            [
                13.5,
                13.75,
                38,
                36,
                22.0
            ]
        ],
        "140": [
            [
                12.75,
                13.0,
                43,
                77,
                50.0
            ]
        ],
        "141": [
            [
                12.0,
                12.25,
                43,
                56,
                50.0
            ],
            [
                12.25,
                12.5,
                40,
                70,
                26.99583
            ],
            [
                12.25,
                12.5,
                41,
                70,
                50.0
            ],
            [
                13.0,
                13.25,
                40,
                74,
                50.0
            ]
        ],
        "142": [
            [
                12.5,
                12.75,
                42,
                33,
                24.144668
            ]
        ],
        "143": [
            [
                12.75,
                13.0,
                37,
                53,
                22.0
            ],
            [
                13.75,
                14.0,
                40,
                56,
                50.0
            ]
        ],
        "144": [
            [
                12.25,
                12.5,
                44,
                62,
                50.0
            ],
            [
                13.5,
                13.75,
                43,
                47,
                50.0
            ]
        ],
        "146": [
            [
                12.5,
                12.75,
                43,
                2,
                50.0
            ],
            [
                13.25,
                13.5,
                43,
                7,
                50.0
            ]
        ],
        "147": [
            [
                13.25,
                13.5,
                41,
                39,
                50.0
            ],
            [
                13.5,
                13.75,
                39,
                9,
                22.0
            ],
            [
                13.75,
                14.0,
                40,
                35,
                81.59824
            ]
        ],
        "148": [
            [
                12.75,
                13.0,
                41,
                27,
                50.0
            ],
            [
                13.5,
                13.75,
                40,
                25,
                50.0
            ]
        ],
        "149": [
            [
                13.75,
                14.0,
                35,
                78,
                22.0
            ]
        ],
        "150": [
            [
                12.75,
                13.0,
                44,
                76,
                105.12797
            ]
        ],
        "153": [
            [
                13.25,
                13.5,
                42,
                20,
                115.50743
            ],
            [
                13.5,
                13.75,
                44,
                19,
                50.0
            ]
        ],
        "154": [
            [
                13.25,
                13.5,
                40,
                64,
                50.0
            ],
            [
                13.25,
                13.5,
                44,
                64,
                65.50743
            ],
            [
                13.5,
                13.75,
                42,
                21,
                50.0
            ],
            [
                13.75,
                14.0,
                42,
                73,
                66.324805
            ]
        ],
        "155": [
            [
                13.25,
                13.5,
                36,
                27,
                22.0
            ]
        ],
        "159": [
            [
                13.75,
                14.0,
                44,
                66,
                50.0
            ]
        ],
        "160": [
            [
                13.75,
                14.0,
                37,
                67,
                22.0
            ]
        ]
    },
    "extra_info": {
        "rejected_details": {
            "145": {
                "required_energy": 6.503518424722963,
                "delivered_energy": 0,
                "unmet_energy": 6.503518424722963,
                "penalty_cost": 6503.518424722964
            },
            "149": {
                "required_energy": 24.283365576779357,
                "delivered_energy": 22.0,
                "unmet_energy": 2.2833655767793566,
                "penalty_cost": 2283.3655767793566
            },
            "151": {
                "required_energy": 30.100416258087215,
                "delivered_energy": 0,
                "unmet_energy": 30.100416258087215,
                "penalty_cost": 30100.416258087214
            },
            "152": {
                "required_energy": 33.70389921787615,
                "delivered_energy": 0,
                "unmet_energy": 33.70389921787615,
                "penalty_cost": 33703.89921787615
            },
            "155": {
                "required_energy": 36.05446670393319,
                "delivered_energy": 22.0,
                "unmet_energy": 14.054466703933187,
                "penalty_cost": 14054.466703933187
            },
            "156": {
                "required_energy": 55.40373846561828,
                "delivered_energy": 0,
                "unmet_energy": 55.40373846561828,
                "penalty_cost": 55403.738465618284
            },
            "157": {
                "required_energy": 6.016233394361997,
                "delivered_energy": 0,
                "unmet_energy": 6.016233394361997,
                "penalty_cost": 6016.233394361997
            },
            "158": {
                "required_energy": 79.26512267733142,
                "delivered_energy": 0,
                "unmet_energy": 79.26512267733142,
                "penalty_cost": 79265.12267733141
            },
            "160": {
                "required_energy": 29.18037928525299,
                "delivered_energy": 22.0,
                "unmet_energy": 7.1803792852529895,
                "penalty_cost": 7180.37928525299
            },
            "161": {
                "required_energy": 28.786874215426913,
                "delivered_energy": 0,
                "unmet_energy": 28.786874215426913,
                "penalty_cost": 28786.874215426913
            },
            "162": {
                "required_energy": 33.34374989601335,
                "delivered_energy": 0,
                "unmet_energy": 33.34374989601335,
                "penalty_cost": 33343.74989601335
            }
        },
        "milp_time": 70.70899701118469,
        "total_time": 82.5407612323761
    }
}