{
    "schedule": {
        "0": [
            [
                0.25,
                0.5,
                47,
                86,
                45.626979
            ],
            [
                0.75,
                1.0,
                51,
                44,
                55.578062
            ],
            [
                1.75,
                2.0,
                50,
                28,
                150.0
            ]
        ],
        "1": [
            [
                0.25,
                0.5,
                51,
                91,
                134.24941
            ]
        ],
        "2": [
            [
                1.0,
                1.25,
                51,
                40,
                86.431369
            ]
        ],
        "3": [
            [
                0.25,
                0.5,
                50,
                49,
                73.442752
            ]
        ],
        "4": [
            [
                0.25,
                0.5,
                54,
                57,
                37.804214
            ]
        ],
        "5": [
            [
                2.0,
                2.25,
                51,
                40,
                118.43727
            ]
        ],
        "6": [
            [
                0.25,
                0.5,
                54,
                62,
                108.87665
            ]
        ],
        "7": [
            [
                1.5,
                1.75,
                51,
                60,
                92.473887
            ]
        ],
        "9": [
            [
                0.5,
                0.75,
                54,
                65,
                109.54653
            ]
        ],
        "10": [
            [
                3.25,
                3.5,
                50,
                36,
                51.804988
            ]
        ],
        "11": [
            [
                1.0,
                1.25,
                53,
                64,
                150.0
            ],
            [
                2.5,
                2.75,
                49,
                61,
                29.411658
            ]
        ],
        "12": [
            [
                1.0,
                1.25,
                40,
                86,
                73.935743
            ]
        ],
        "13": [
            [
                0.5,
                0.75,
                51,
                67,
                140.45347
            ],
            [
                2.0,
                2.25,
                51,
                33,
                3.9692001
            ],
            [
                2.0,
                2.25,
                54,
                33,
                65.723224
            ]
        ],
        "14": [
            [
                0.75,
                1.0,
                54,
                50,
                150.0
            ],
            [
                1.0,
                1.25,
                52,
                84,
                44.215803
            ]
        ],
        "15": [
            [
                2.25,
                2.5,
                53,
                72,
                150.0
            ]
        ],
        "16": [
            [
                1.25,
                1.5,
                54,
                16,
                91.368446
            ],
            [
                1.5,
                1.75,
                50,
                87,
                103.98725
            ]
        ],
        "17": [
            [
                0.5,
                0.75,
                52,
                9,
                150.0
            ],
            [
                6.0,
                6.25,
                53,
                65,
                21.93458
            ]
        ],
        "18": [
            [
                3.25,
                3.5,
                53,
                4,
                54.150606
            ]
        ],
        "19": [
            [
                2.5,
                2.75,
                51,
                58,
                34.898946
            ]
        ],
        "21": [
            [
                2.25,
                2.5,
                51,
                24,
                150.0
            ],
            [
                2.5,
                2.75,
                50,
                7,
                21.547428
            ]
        ],
        "23": [
            [
                1.75,
                2.0,
                54,
                56,
                72.834835
            ]
        ],
        "26": [
            [
                1.75,
                2.0,
                52,
                4,
                94.660491
            ]
        ],
        "27": [
            [
                3.0,
                3.25,
                54,
                94,
                150.0
            ]
        ],
        "28": [
            [
                0.75,
                1.0,
                52,
                19,
                150.0
            ]
        ],
        "29": [
            [
                0.75,
                1.0,
                53,
                69,
                44.421938
            ]
        ],
        "31": [
            [
                3.0,
                3.25,
                53,
                66,
                135.96685
            ]
        ],
        "33": [
            [
                1.0,
                1.25,
                50,
                47,
                63.274405
            ],
            [
                3.25,
                3.5,
                53,
                19,
                144.04441
            ]
        ],
        "34": [
            [
                3.0,
                3.25,
                45,
                93,
                129.74514
            ]
        ],
        "35": [
            [
                1.5,
                1.75,
                50,
                36,
                112.05445
            ],
            [
                5.5,
                5.75,
                52,
                52,
                48.168608
            ]
        ],
        "36": [
            [
                2.75,
                3.0,
                52,
                3,
                150.0
            ]
        ],
        "37": [
            [
                1.75,
                2.0,
                54,
                12,
                127.11748
            ]
        ],
        "39": [
            [
                3.75,
                4.0,
                51,
                39,
                16.788173
            ]
        ],
        "40": [
            [
                4.75,
                5.0,
                52,
                84,
                17.943237
            ]
        ],
        "41": [
            [
                3.25,
                3.5,
                50,
                24,
                150.0
            ],
            [
                4.0,
                4.25,
                54,
                15,
                44.771046
            ]
        ],
        "42": [
            [
                4.0,
                4.25,
                50,
                11,
                62.943965
            ]
        ],
        "43": [
            [
                2.5,
                2.75,
                51,
                61,
                72.721585
            ]
        ],
        "45": [
            [
                1.25,
                1.5,
                54,
                0,
                58.631554
            ]
        ],
        "46": [
            [
                5.0,
                5.25,
                53,
                94,
                22.998493
            ]
        ],
        "48": [
            [
                3.5,
                3.75,
                51,
                2,
                25.944825
            ]
        ],
        "49": [
            [
                4.5,
                4.75,
                54,
                30,
                54.492937
            ]
        ],
        "50": [
            [
                6.0,
                6.25,
                52,
                91,
                32.38031
            ]
        ],
        "52": [
            [
                7.5,
                7.75,
                52,
                27,
                97.75294
            ]
        ],
        "53": [
            [
                1.5,
                1.75,
                51,
                57,
                57.526113
            ]
        ],
        "55": [
            [
                1.5,
                1.75,
                54,
                1,
                5.4920791
            ],
            [
                2.5,
                2.75,
                51,
                21,
                384.78501
            ]
        ],
        "57": [
            [
                2.0,
                2.25,
                50,
                50,
                34.276776
            ]
        ],
        "58": [
            [
                6.0,
                6.25,
                53,
                94,
                140.824
            ]
        ],
        "59": [
            [
                2.75,
                3.0,
                53,
                75,
                100.0
            ]
        ],
        "61": [
            [
                3.5,
                3.75,
                52,
                90,
                32.982893
            ],
            [
                10.5,
                10.75,
                54,
                6,
                119.89632
            ]
        ],
        "62": [
            [
                4.25,
                4.5,
                51,
                24,
                122.03318
            ]
        ],
        "65": [
            [
                2.25,
                2.5,
                54,
                10,
                100.0
            ]
        ],
        "67": [
            [
                4.25,
                4.5,
                50,
                0,
                150.0
            ]
        ],
        "68": [
            [
                3.0,
                3.25,
                50,
                64,
                73.574724
            ]
        ],
        "71": [
            [
                2.5,
                2.75,
                51,
                46,
                110.15473
            ],
            [
                2.5,
                2.75,
                54,
                46,
                51.033312
            ]
        ],
        "72": [
            [
                3.0,
                3.25,
                50,
                33,
                66.744944
            ]
        ],
        "73": [
            [
                3.75,
                4.0,
                52,
                82,
                519.30546
            ]
        ],
        "75": [
            [
                4.75,
                5.0,
                52,
                81,
                180.48575
            ]
        ],
        "76": [
            [
                2.75,
                3.0,
                50,
                87,
                150.0
            ],
            [
                5.75,
                6.0,
                51,
                64,
                8.3465582
            ]
        ],
        "78": [
            [
                5.75,
                6.0,
                53,
                35,
                138.10199
            ],
            [
                6.0,
                6.25,
                53,
                52,
                54.861114
            ],
            [
                6.75,
                7.0,
                53,
                93,
                53.496923
            ]
        ],
        "81": [
            [
                6.25,
                6.5,
                53,
                98,
                55.450991
            ]
        ],
        "84": [
            [
                4.5,
                4.75,
                52,
                60,
                113.51931
            ]
        ],
        "85": [
            [
                5.75,
                6.0,
                52,
                35,
                25.697041
            ]
        ],
        "88": [
            [
                3.5,
                3.75,
                52,
                80,
                550.17585
            ]
        ],
        "90": [
            [
                8.0,
                8.25,
                53,
                35,
                150.0
            ]
        ],
        "92": [
            [
                3.0,
                3.25,
                52,
                24,
                111.36283
            ]
        ],
        "95": [
            [
                5.5,
                5.75,
                54,
                81,
                1033.315
            ]
        ],
        "96": [
            [
                8.5,
                8.75,
                53,
                10,
                430.27511
            ]
        ],
        "99": [
            [
                5.25,
                5.5,
                50,
                96,
                121.42119
            ]
        ],
        "101": [
            [
                3.5,
                3.75,
                53,
                69,
                111.83326
            ],
            [
                7.25,
                7.5,
                52,
                53,
                17.479079
            ]
        ],
        "102": [
            [
                4.5,
                4.75,
                53,
                38,
                59.99483
            ]
        ],
        "103": [
            [
                8.0,
                8.25,
                51,
                94,
                50.654383
            ]
        ],
        "104": [
            [
                3.75,
                4.0,
                50,
                62,
                144.60785
            ]
        ],
        "105": [
            [
                8.0,
                8.25,
                54,
                1,
                57.170125
            ]
        ],
        "107": [
            [
                6.75,
                7.0,
                50,
                58,
                18.913691
            ]
        ],
        "111": [
            [
                8.25,
                8.5,
                51,
                4,
                150.0
            ]
        ],
        "113": [
            [
                4.25,
                4.5,
                51,
                31,
                27.966815
            ],
            [
                7.75,
                8.0,
                50,
                22,
                65.653197
            ]
        ],
        "114": [
            [
                4.0,
                4.25,
                51,
                71,
                150.0
            ]
        ],
        "116": [
            [
                7.25,
                7.5,
                50,
                9,
                150.0
            ]
        ],
        "117": [
            [
                8.0,
                8.25,
                51,
                4,
                57.105101
            ]
        ],
        "118": [
            [
                5.25,
                5.5,
                51,
                77,
                49.231531
            ]
        ],
        "119": [
            [
                11.75,
                12.0,
                54,
                0,
                58.539838
            ]
        ],
        "120": [
            [
                6.75,
                7.0,
                50,
                53,
                78.106823
            ]
        ],
        "121": [
            [
                6.25,
                6.5,
                52,
                56,
                150.0
            ]
        ],
        "125": [
            [
                4.5,
                4.75,
                52,
                61,
                38.61221
            ]
        ],
        "128": [
            [
                7.0,
                7.25,
                50,
                5,
                118.52324
            ]
        ],
        "129": [
            [
                5.5,
                5.75,
                52,
                17,
                101.83139
            ]
        ],
        "130": [
            [
                4.5,
                4.75,
                53,
                8,
                137.2821
            ]
        ],
        "131": [
            [
                7.0,
                7.25,
                54,
                35,
                152.42939
            ]
        ],
        "132": [
            [
                6.0,
                6.25,
                51,
                85,
                252.77801
            ]
        ],
        "133": [
            [
                7.5,
                7.75,
                52,
                38,
                152.24706
            ]
        ],
        "134": [
            [
                5.75,
                6.0,
                53,
                41,
                133.74751
            ]
        ],
        "136": [
            [
                4.5,
                4.75,
                54,
                19,
                43.375547
            ]
        ],
        "139": [
            [
                5.25,
                5.5,
                52,
                31,
                150.0
            ]
        ],
        "140": [
            [
                7.25,
                7.5,
                51,
                37,
                150.0
            ]
        ],
        "141": [
            [
                10.75,
                11.0,
                51,
                59,
                72.794525
            ]
        ],
        "144": [
            [
                6.75,
                7.0,
                51,
                94,
                65.177186
            ]
        ],
        "145": [
            [
                5.25,
                5.5,
                50,
                31,
                28.578809
            ]
        ],
        "147": [
            [
                7.0,
                7.25,
                52,
                16,
                46.553919
            ]
        ],
        "149": [
            [
                5.25,
                5.5,
                52,
                24,
                94.638992
            ],
            [
                7.75,
                8.0,
                51,
                79,
                86.777681
            ]
        ],
        "150": [
            [
                6.25,
                6.5,
                54,
                52,
                45.857305
            ]
        ],
        "151": [
            [
                7.75,
                8.0,
                54,
                74,
                96.134124
            ]
        ],
        "153": [
            [
                5.75,
                6.0,
                53,
                25,
                94.106901
            ]
        ],
        "156": [
            [
                5.0,
                5.25,
                53,
                15,
                32.489711
            ]
        ],
        "157": [
            [
                8.5,
                8.75,
                50,
                40,
                128.82873
            ]
        ],
        "158": [
            [
                6.75,
                7.0,
                51,
                77,
                84.822814
            ]
        ],
        "162": [
            [
                5.5,
                5.75,
                50,
                93,
                82.071203
            ]
        ],
        "164": [
            [
                11.75,
                12.0,
                52,
                84,
                71.88528
            ]
        ],
        "165": [
            [
                9.0,
                9.25,
                53,
                36,
                132.53996
            ]
        ],
        "166": [
            [
                9.0,
                9.25,
                50,
                37,
                100.0
            ]
        ],
        "168": [
            [
                7.75,
                8.0,
                53,
                42,
                30.742683
            ]
        ],
        "169": [
            [
                6.5,
                6.75,
                54,
                11,
                61.926029
            ]
        ],
        "170": [
            [
                10.75,
                11.0,
                51,
                71,
                53.363708
            ]
        ],
        "171": [
            [
                8.0,
                8.25,
                54,
                46,
                57.736537
            ]
        ],
        "175": [
            [
                9.75,
                10.0,
                53,
                61,
                86.152799
            ]
        ],
        "176": [
            [
                6.75,
                7.0,
                52,
                48,
                119.75467
            ]
        ],
        "177": [
            [
                10.75,
                11.0,
                51,
                94,
                48.713563
            ]
        ],
        "178": [
            [
                10.25,
                10.5,
                52,
                41,
                250.0
            ]
        ],
        "179": [
            [
                9.25,
                9.5,
                53,
                55,
                223.36134
            ]
        ],
        "180": [
            [
                9.25,
                9.5,
                54,
                40,
                150.0
            ],
            [
                13.5,
                13.75,
                50,
                48,
                54.117489
            ]
        ],
        "181": [
            [
                10.75,
                11.0,
                53,
                74,
                93.037171
            ]
        ],
        "183": [
            [
                10.0,
                10.25,
                53,
                39,
                78.012097
            ]
        ],
        "185": [
            [
                7.0,
                7.25,
                50,
                7,
                31.476759
            ]
        ],
        "186": [
            [
                8.75,
                9.0,
                52,
                22,
                51.549652
            ]
        ],
        "187": [
            [
                7.25,
                7.5,
                54,
                3,
                82.520921
            ]
        ],
        "188": [
            [
                8.25,
                8.5,
                52,
                42,
                33.76847
            ]
        ],
        "190": [
            [
                8.75,
                9.0,
                50,
                25,
                42.573579
            ]
        ],
        "191": [
            [
                11.5,
                11.75,
                52,
                68,
                132.89551
            ]
        ],
        "195": [
            [
                9.5,
                9.75,
                50,
                80,
                150.0
            ]
        ],
        "198": [
            [
                7.5,
                7.75,
                54,
                51,
                17.531468
            ]
        ],
        "201": [
            [
                11.25,
                11.5,
                54,
                61,
                58.094968
            ]
        ],
        "202": [
            [
                8.0,
                8.25,
                52,
                0,
                33.05599
            ]
        ],
        "203": [
            [
                10.0,
                10.25,
                50,
                7,
                150.0
            ]
        ],
        "206": [
            [
                7.5,
                7.75,
                54,
                33,
                132.46853
            ]
        ],
        "209": [
            [
                13.75,
                14.0,
                53,
                40,
                134.7269
            ]
        ],
        "210": [
            [
                8.75,
                9.0,
                54,
                31,
                23.21553
            ]
        ],
        "211": [
            [
                11.0,
                11.25,
                51,
                67,
                150.0
            ]
        ],
        "213": [
            [
                12.25,
                12.5,
                50,
                80,
                183.06093
            ]
        ],
        "216": [
            [
                9.75,
                10.0,
                51,
                74,
                39.969309
            ]
        ],
        "218": [
            [
                10.75,
                11.0,
                52,
                1,
                90.513553
            ]
        ],
        "219": [
            [
                12.5,
                12.75,
                53,
                1,
                16.333988
            ]
        ],
        "220": [
            [
                8.0,
                8.25,
                52,
                64,
                39.631625
            ]
        ],
        "221": [
            [
                8.75,
                9.0,
                50,
                20,
                34.80449
            ]
        ],
        "226": [
            [
                7.75,
                8.0,
                50,
                9,
                150.0
            ]
        ],
        "236": [
            [
                8.0,
                8.25,
                51,
                12,
                51.091808
            ]
        ],
        "238": [
            [
                12.0,
                12.25,
                52,
                34,
                95.726383
            ]
        ],
        "239": [
            [
                10.5,
                10.75,
                54,
                9,
                30.103676
            ]
        ],
        "240": [
            [
                10.0,
                10.25,
                53,
                14,
                150.0
            ],
            [
                13.0,
                13.25,
                52,
                98,
                150.0
            ]
        ],
        "241": [
            [
                10.75,
                11.0,
                52,
                71,
                46.260783
            ]
        ],
        "244": [
            [
                8.25,
                8.5,
                50,
                84,
                127.30766
            ],
            [
                8.75,
                9.0,
                52,
                25,
                175.23482
            ]
        ],
        "250": [
            [
                11.5,
                11.75,
                50,
                96,
                36.874094
            ]
        ],
        "251": [
            [
                8.75,
                9.0,
                50,
                25,
                72.621931
            ],
            [
                10.5,
                10.75,
                53,
                37,
                138.22793
            ]
        ],
        "252": [
            [
                9.25,
                9.5,
                53,
                76,
                26.638658
            ]
        ],
        "258": [
            [
                9.75,
                10.0,
                53,
                37,
                47.101395
            ]
        ],
        "259": [
            [
                10.0,
                10.25,
                52,
                99,
                41.25852
            ]
        ],
        "261": [
            [
                8.25,
                8.5,
                50,
                55,
                60.625226
            ]
        ],
        "264": [
            [
                10.75,
                11.0,
                54,
                15,
                8.8336979
            ],
            [
                13.25,
                13.5,
                51,
                56,
                81.154614
            ]
        ],
        "268": [
            [
                11.0,
                11.25,
                53,
                94,
                62.66487
            ]
        ],
        "274": [
            [
                10.75,
                11.0,
                50,
                4,
                39.312146
            ]
        ],
        "277": [
            [
                13.75,
                14.0,
                53,
                14,
                95.883345
            ]
        ],
        "282": [
            [
                9.0,
                9.25,
                52,
                21,
                150.0
            ]
        ],
        "285": [
            [
                10.25,
                10.5,
                50,
                14,
                150.0
            ]
        ],
        "288": [
            [
                13.25,
                13.5,
                50,
                78,
                72.564742
            ]
        ],
        "289": [
            [
                9.5,
                9.75,
                54,
                31,
                44.352834
            ]
        ],
        "290": [
            [
                9.75,
                10.0,
                53,
                37,
                41.082201
            ]
        ],
        "300": [
            [
                10.75,
                11.0,
                51,
                29,
                41.010278
            ]
        ],
        "304": [
            [
                12.5,
                12.75,
                52,
                44,
                129.54649
            ]
        ],
        "306": [
            [
                11.0,
                11.25,
                51,
                26,
                62.928127
            ]
        ],
        "311": [
            [
                10.75,
                11.0,
                52,
                99,
                121.1274
            ]
        ],
        "325": [
            [
                13.25,
                13.5,
                50,
                68,
                31.258786
            ]
        ]
    },
    "extra_info": {
        "rejected_details": {
            "8": {
                "required_energy": 32.688634846834184,
                "delivered_energy": 0,
                "unmet_energy": 32.688634846834184,
                "penalty_cost": 32688.634846834182
            },
            "20": {
                "required_energy": 48.821488910459585,
                "delivered_energy": 0,
                "unmet_energy": 48.821488910459585,
                "penalty_cost": 48821.488910459586
            },
            "22": {
                "required_energy": 15.640237296410096,
                "delivered_energy": 0,
                "unmet_energy": 15.640237296410096,
                "penalty_cost": 15640.237296410096
            },
            "24": {
                "required_energy": 31.906376217834982,
                "delivered_energy": 0,
                "unmet_energy": 31.906376217834982,
                "penalty_cost": 31906.376217834983
            },
            "25": {
                "required_energy": 19.96473872579742,
                "delivered_energy": 0,
                "unmet_energy": 19.96473872579742,
                "penalty_cost": 19964.738725797422
            },
            "30": {
                "required_energy": 48.838994020300966,
                "delivered_energy": 0,
                "unmet_energy": 48.838994020300966,
                "penalty_cost": 48838.99402030097
            },
            "32": {
                "required_energy": 5.162077268517291,
                "delivered_energy": 0,
                "unmet_energy": 5.162077268517291,
                "penalty_cost": 5162.0772685172915
            },
            "38": {
                "required_energy": 14.65754362426589,
                "delivered_energy": 0,
                "unmet_energy": 14.65754362426589,
                "penalty_cost": 14657.543624265889
            },
            "44": {
                "required_energy": 48.41197427694777,
                "delivered_energy": 0,
                "unmet_energy": 48.41197427694777,
                "penalty_cost": 48411.97427694777
            },
            "46": {
                "required_energy": 41.320870492790135,
                "delivered_energy": 22.998493,
                "unmet_energy": 18.322377492790135,
                "penalty_cost": 18322.377492790136
            },
            "47": {
                "required_energy": 41.598788737716575,
                "delivered_energy": 0,
                "unmet_energy": 41.598788737716575,
                "penalty_cost": 41598.788737716575
            },
            "51": {
                "required_energy": 34.99427250698309,
                "delivered_energy": 0,
                "unmet_energy": 34.99427250698309,
                "penalty_cost": 34994.272506983085
            },
            "54": {
                "required_energy": 24.74167191090171,
                "delivered_energy": 0,
                "unmet_energy": 24.74167191090171,
                "penalty_cost": 24741.67191090171
            },
            "56": {
                "required_energy": 25.686897431479792,
                "delivered_energy": 0,
                "unmet_energy": 25.686897431479792,
                "penalty_cost": 25686.897431479792
            },
            "60": {
                "required_energy": 26.728470553731228,
                "delivered_energy": 0,
                "unmet_energy": 26.728470553731228,
                "penalty_cost": 26728.47055373123
            },
            "63": {
                "required_energy": 19.936624624770875,
                "delivered_energy": 0,
                "unmet_energy": 19.936624624770875,
                "penalty_cost": 19936.624624770877
            },
            "64": {
                "required_energy": 9.47947865814925,
                "delivered_energy": 0,
                "unmet_energy": 9.47947865814925,
                "penalty_cost": 9479.47865814925
            },
            "66": {
                "required_energy": 23.03414270182656,
                "delivered_energy": 0,
                "unmet_energy": 23.03414270182656,
                "penalty_cost": 23034.14270182656
            },
            "69": {
                "required_energy": 22.929347024337495,
                "delivered_energy": 0,
                "unmet_energy": 22.929347024337495,
                "penalty_cost": 22929.347024337494
            },
            "70": {
                "required_energy": 26.5379492739944,
                "delivered_energy": 0,
                "unmet_energy": 26.5379492739944,
                "penalty_cost": 26537.9492739944
            },
            "74": {
                "required_energy": 6.8983836730908665,
                "delivered_energy": 0,
                "unmet_energy": 6.8983836730908665,
                "penalty_cost": 6898.383673090867
            },
            "77": {
                "required_energy": 25.51289867654078,
                "delivered_energy": 0,
                "unmet_energy": 25.51289867654078,
                "penalty_cost": 25512.89867654078
            },
            "79": {
                "required_energy": 12.754172406463296,
                "delivered_energy": 0,
                "unmet_energy": 12.754172406463296,
                "penalty_cost": 12754.172406463296
            },
            "80": {
                "required_energy": 22.477915707928805,
                "delivered_energy": 0,
                "unmet_energy": 22.477915707928805,
                "penalty_cost": 22477.915707928805
            },
            "82": {
                "required_energy": 24.455234554086484,
                "delivered_energy": 0,
                "unmet_energy": 24.455234554086484,
                "penalty_cost": 24455.234554086484
            },
            "83": {
                "required_energy": 23.12317848857505,
                "delivered_energy": 0,
                "unmet_energy": 23.12317848857505,
                "penalty_cost": 23123.17848857505
            },
            "86": {
                "required_energy": 50.83666385910468,
                "delivered_energy": 0,
                "unmet_energy": 50.83666385910468,
                "penalty_cost": 50836.66385910468
            },
            "87": {
                "required_energy": 24.28521097289471,
                "delivered_energy": 0,
                "unmet_energy": 24.28521097289471,
                "penalty_cost": 24285.21097289471
            },
            "89": {
                "required_energy": 25.787458261089895,
                "delivered_energy": 0,
                "unmet_energy": 25.787458261089895,
                "penalty_cost": 25787.458261089894
            },
            "91": {
                "required_energy": 5.259656281119312,
                "delivered_energy": 0,
                "unmet_energy": 5.259656281119312,
                "penalty_cost": 5259.656281119313
            },
            "93": {
                "required_energy": 46.014375358950325,
                "delivered_energy": 0,
                "unmet_energy": 46.014375358950325,
                "penalty_cost": 46014.375358950325
            },
            "94": {
                "required_energy": 37.81070546998828,
                "delivered_energy": 0,
                "unmet_energy": 37.81070546998828,
                "penalty_cost": 37810.70546998828
            },
            "97": {
                "required_energy": 60.16220614517314,
                "delivered_energy": 0,
                "unmet_energy": 60.16220614517314,
                "penalty_cost": 60162.206145173135
            },
            "98": {
                "required_energy": 15.261631870965623,
                "delivered_energy": 0,
                "unmet_energy": 15.261631870965623,
                "penalty_cost": 15261.631870965623
            },
            "100": {
                "required_energy": 22.537035003105405,
                "delivered_energy": 0,
                "unmet_energy": 22.537035003105405,
                "penalty_cost": 22537.035003105404
            },
            "106": {
                "required_energy": 44.92743270732025,
                "delivered_energy": 0,
                "unmet_energy": 44.92743270732025,
                "penalty_cost": 44927.43270732025
            },
            "108": {
                "required_energy": 17.690203908648172,
                "delivered_energy": 0,
                "unmet_energy": 17.690203908648172,
                "penalty_cost": 17690.20390864817
            },
            "109": {
                "required_energy": 26.94537602002494,
                "delivered_energy": 0,
                "unmet_energy": 26.94537602002494,
                "penalty_cost": 26945.37602002494
            },
            "110": {
                "required_energy": 14.086112369792914,
                "delivered_energy": 0,
                "unmet_energy": 14.086112369792914,
                "penalty_cost": 14086.112369792914
            },
            "112": {
                "required_energy": 33.078085423235514,
                "delivered_energy": 0,
                "unmet_energy": 33.078085423235514,
                "penalty_cost": 33078.08542323551
            },
            "115": {
                "required_energy": 31.81869367069565,
                "delivered_energy": 0,
                "unmet_energy": 31.81869367069565,
                "penalty_cost": 31818.69367069565
            },
            "122": {
                "required_energy": 42.67222773777011,
                "delivered_energy": 0,
                "unmet_energy": 42.67222773777011,
                "penalty_cost": 42672.22773777011
            },
            "123": {
                "required_energy": 54.190114182485274,
                "delivered_energy": 0,
                "unmet_energy": 54.190114182485274,
                "penalty_cost": 54190.114182485275
            },
            "124": {
                "required_energy": 45.68984282461179,
                "delivered_energy": 0,
                "unmet_energy": 45.68984282461179,
                "penalty_cost": 45689.842824611784
            },
            "126": {
                "required_energy": 20.562615769017548,
                "delivered_energy": 0,
                "unmet_energy": 20.562615769017548,
                "penalty_cost": 20562.615769017546
            },
            "127": {
                "required_energy": 32.289805316101805,
                "delivered_energy": 0,
                "unmet_energy": 32.289805316101805,
                "penalty_cost": 32289.805316101807
            },
            "135": {
                "required_energy": 36.03282936586938,
                "delivered_energy": 0,
                "unmet_energy": 36.03282936586938,
                "penalty_cost": 36032.82936586938
            },
            "137": {
                "required_energy": 28.71367381665166,
                "delivered_energy": 0,
                "unmet_energy": 28.71367381665166,
                "penalty_cost": 28713.67381665166
            },
            "138": {
                "required_energy": 51.6847064292573,
                "delivered_energy": 0,
                "unmet_energy": 51.6847064292573,
                "penalty_cost": 51684.7064292573
            },
            "142": {
                "required_energy": 29.78797728741028,
                "delivered_energy": 0,
                "unmet_energy": 29.78797728741028,
                "penalty_cost": 29787.97728741028
            },
            "143": {
                "required_energy": 53.572416734074324,
                "delivered_energy": 0,
                "unmet_energy": 53.572416734074324,
                "penalty_cost": 53572.41673407432
            },
            "146": {
                "required_energy": 43.534166864818104,
                "delivered_energy": 0,
                "unmet_energy": 43.534166864818104,
                "penalty_cost": 43534.16686481811
            },
            "148": {
                "required_energy": 28.284006168117678,
                "delivered_energy": 0,
                "unmet_energy": 28.284006168117678,
                "penalty_cost": 28284.006168117678
            },
            "152": {
                "required_energy": 88.93950201322355,
                "delivered_energy": 0,
                "unmet_energy": 88.93950201322355,
                "penalty_cost": 88939.50201322355
            },
            "154": {
                "required_energy": 48.85018262250376,
                "delivered_energy": 0,
                "unmet_energy": 48.85018262250376,
                "penalty_cost": 48850.18262250376
            },
            "155": {
                "required_energy": 41.31953387199259,
                "delivered_energy": 0,
                "unmet_energy": 41.31953387199259,
                "penalty_cost": 41319.53387199259
            },
            "159": {
                "required_energy": 39.274058941865604,
                "delivered_energy": 0,
                "unmet_energy": 39.274058941865604,
                "penalty_cost": 39274.0589418656
            },
            "160": {
                "required_energy": 14.03127390020828,
                "delivered_energy": 0,
                "unmet_energy": 14.03127390020828,
                "penalty_cost": 14031.27390020828
            },
            "161": {
                "required_energy": 26.9065300449635,
                "delivered_energy": 0,
                "unmet_energy": 26.9065300449635,
                "penalty_cost": 26906.5300449635
            },
            "163": {
                "required_energy": 30.476846982321618,
                "delivered_energy": 0,
                "unmet_energy": 30.476846982321618,
                "penalty_cost": 30476.84698232162
            },
            "167": {
                "required_energy": 44.69510988499898,
                "delivered_energy": 0,
                "unmet_energy": 44.69510988499898,
                "penalty_cost": 44695.10988499898
            },
            "172": {
                "required_energy": 31.115155059311604,
                "delivered_energy": 0,
                "unmet_energy": 31.115155059311604,
                "penalty_cost": 31115.155059311604
            },
            "173": {
                "required_energy": 26.008478328185717,
                "delivered_energy": 0,
                "unmet_energy": 26.008478328185717,
                "penalty_cost": 26008.478328185716
            },
            "174": {
                "required_energy": 30.988238292063944,
                "delivered_energy": 0,
                "unmet_energy": 30.988238292063944,
                "penalty_cost": 30988.238292063943
            },
            "182": {
                "required_energy": 12.367477698983915,
                "delivered_energy": 0,
                "unmet_energy": 12.367477698983915,
                "penalty_cost": 12367.477698983916
            },
            "184": {
                "required_energy": 32.579633191166785,
                "delivered_energy": 0,
                "unmet_energy": 32.579633191166785,
                "penalty_cost": 32579.633191166784
            },
            "185": {
                "required_energy": 37.39655538911558,
                "delivered_energy": 31.476759,
                "unmet_energy": 5.919796389115582,
                "penalty_cost": 5919.796389115582
            },
            "189": {
                "required_energy": 37.95350660501974,
                "delivered_energy": 0,
                "unmet_energy": 37.95350660501974,
                "penalty_cost": 37953.50660501974
            },
            "192": {
                "required_energy": 29.620434675343876,
                "delivered_energy": 0,
                "unmet_energy": 29.620434675343876,
                "penalty_cost": 29620.434675343877
            },
            "193": {
                "required_energy": 29.651867838255228,
                "delivered_energy": 0,
                "unmet_energy": 29.651867838255228,
                "penalty_cost": 29651.867838255228
            },
            "194": {
                "required_energy": 28.66618581272718,
                "delivered_energy": 0,
                "unmet_energy": 28.66618581272718,
                "penalty_cost": 28666.185812727177
            },
            "196": {
                "required_energy": 23.23415894320043,
                "delivered_energy": 0,
                "unmet_energy": 23.23415894320043,
                "penalty_cost": 23234.15894320043
            },
            "197": {
                "required_energy": 15.805579860778359,
                "delivered_energy": 0,
                "unmet_energy": 15.805579860778359,
                "penalty_cost": 15805.579860778358
            },
            "199": {
                "required_energy": 29.554006163441265,
                "delivered_energy": 0,
                "unmet_energy": 29.554006163441265,
                "penalty_cost": 29554.006163441267
            },
            "200": {
                "required_energy": 28.43949690003042,
                "delivered_energy": 0,
                "unmet_energy": 28.43949690003042,
                "penalty_cost": 28439.49690003042
            },
            "204": {
                "required_energy": 25.519709997382183,
                "delivered_energy": 0,
                "unmet_energy": 25.519709997382183,
                "penalty_cost": 25519.709997382182
            },
            "205": {
                "required_energy": 33.66622492437022,
                "delivered_energy": 0,
                "unmet_energy": 33.66622492437022,
                "penalty_cost": 33666.22492437022
            },
            "207": {
                "required_energy": 25.995778939744127,
                "delivered_energy": 0,
                "unmet_energy": 25.995778939744127,
                "penalty_cost": 25995.778939744127
            },
            "208": {
                "required_energy": 27.52404183082048,
                "delivered_energy": 0,
                "unmet_energy": 27.52404183082048,
                "penalty_cost": 27524.04183082048
            },
            "212": {
                "required_energy": 25.782368777082088,
                "delivered_energy": 0,
                "unmet_energy": 25.782368777082088,
                "penalty_cost": 25782.368777082087
            },
            "214": {
                "required_energy": 29.714350481082665,
                "delivered_energy": 0,
                "unmet_energy": 29.714350481082665,
                "penalty_cost": 29714.350481082663
            },
            "215": {
                "required_energy": 24.68897457627966,
                "delivered_energy": 0,
                "unmet_energy": 24.68897457627966,
                "penalty_cost": 24688.97457627966
            },
            "217": {
                "required_energy": 27.61882724891538,
                "delivered_energy": 0,
                "unmet_energy": 27.61882724891538,
                "penalty_cost": 27618.82724891538
            },
            "222": {
                "required_energy": 29.525466726576397,
                "delivered_energy": 0,
                "unmet_energy": 29.525466726576397,
                "penalty_cost": 29525.466726576396
            },
            "223": {
                "required_energy": 33.793425874649586,
                "delivered_energy": 0,
                "unmet_energy": 33.793425874649586,
                "penalty_cost": 33793.42587464958
            },
            "224": {
                "required_energy": 48.82623753252003,
                "delivered_energy": 0,
                "unmet_energy": 48.82623753252003,
                "penalty_cost": 48826.237532520034
            },
            "225": {
                "required_energy": 50.80017897201646,
                "delivered_energy": 0,
                "unmet_energy": 50.80017897201646,
                "penalty_cost": 50800.17897201646
            },
            "227": {
                "required_energy": 29.588807808966685,
                "delivered_energy": 0,
                "unmet_energy": 29.588807808966685,
                "penalty_cost": 29588.807808966685
            },
            "228": {
                "required_energy": 34.784589887011144,
                "delivered_energy": 0,
                "unmet_energy": 34.784589887011144,
                "penalty_cost": 34784.58988701114
            },
            "229": {
                "required_energy": 24.207346753764607,
                "delivered_energy": 0,
                "unmet_energy": 24.207346753764607,
                "penalty_cost": 24207.346753764607
            },
            "230": {
                "required_energy": 25.737188972409555,
                "delivered_energy": 0,
                "unmet_energy": 25.737188972409555,
                "penalty_cost": 25737.188972409556
            },
            "231": {
                "required_energy": 73.21152269820769,
                "delivered_energy": 0,
                "unmet_energy": 73.21152269820769,
                "penalty_cost": 73211.52269820769
            },
            "232": {
                "required_energy": 27.972904535493015,
                "delivered_energy": 0,
                "unmet_energy": 27.972904535493015,
                "penalty_cost": 27972.904535493017
            },
            "233": {
                "required_energy": 56.46239788551576,
                "delivered_energy": 0,
                "unmet_energy": 56.46239788551576,
                "penalty_cost": 56462.39788551576
            },
            "234": {
                "required_energy": 31.62083177476203,
                "delivered_energy": 0,
                "unmet_energy": 31.62083177476203,
                "penalty_cost": 31620.83177476203
            },
            "235": {
                "required_energy": 16.734768646046025,
                "delivered_energy": 0,
                "unmet_energy": 16.734768646046025,
                "penalty_cost": 16734.768646046025
            },
            "237": {
                "required_energy": 22.298914091978233,
                "delivered_energy": 0,
                "unmet_energy": 22.298914091978233,
                "penalty_cost": 22298.914091978233
            },
            "242": {
                "required_energy": 9.239483194428477,
                "delivered_energy": 0,
                "unmet_energy": 9.239483194428477,
                "penalty_cost": 9239.483194428476
            },
            "243": {
                "required_energy": 22.922724693353086,
                "delivered_energy": 0,
                "unmet_energy": 22.922724693353086,
                "penalty_cost": 22922.724693353084
            },
            "245": {
                "required_energy": 51.65938413645025,
                "delivered_energy": 0,
                "unmet_energy": 51.65938413645025,
                "penalty_cost": 51659.38413645025
            },
            "246": {
                "required_energy": 34.47910154083985,
                "delivered_energy": 0,
                "unmet_energy": 34.47910154083985,
                "penalty_cost": 34479.10154083985
            },
            "247": {
                "required_energy": 25.17778250430388,
                "delivered_energy": 0,
                "unmet_energy": 25.17778250430388,
                "penalty_cost": 25177.78250430388
            },
            "248": {
                "required_energy": 39.97706037827606,
                "delivered_energy": 0,
                "unmet_energy": 39.97706037827606,
                "penalty_cost": 39977.06037827606
            },
            "249": {
                "required_energy": 30.071714837397067,
                "delivered_energy": 0,
                "unmet_energy": 30.071714837397067,
                "penalty_cost": 30071.714837397067
            },
            "253": {
                "required_energy": 22.61320191373135,
                "delivered_energy": 0,
                "unmet_energy": 22.61320191373135,
                "penalty_cost": 22613.201913731347
            },
            "254": {
                "required_energy": 34.76515417178197,
                "delivered_energy": 0,
                "unmet_energy": 34.76515417178197,
                "penalty_cost": 34765.15417178197
            },
            "255": {
                "required_energy": 32.613646699277886,
                "delivered_energy": 0,
                "unmet_energy": 32.613646699277886,
                "penalty_cost": 32613.646699277888
            },
            "256": {
                "required_energy": 32.214350278986984,
                "delivered_energy": 0,
                "unmet_energy": 32.214350278986984,
                "penalty_cost": 32214.350278986985
            },
            "257": {
                "required_energy": 14.477739685852562,
                "delivered_energy": 0,
                "unmet_energy": 14.477739685852562,
                "penalty_cost": 14477.739685852563
            },
            "260": {
                "required_energy": 40.5211720464723,
                "delivered_energy": 0,
                "unmet_energy": 40.5211720464723,
                "penalty_cost": 40521.172046472304
            },
            "262": {
                "required_energy": 55.54910520545636,
                "delivered_energy": 0,
                "unmet_energy": 55.54910520545636,
                "penalty_cost": 55549.105205456355
            },
            "263": {
                "required_energy": 26.67153568828367,
                "delivered_energy": 0,
                "unmet_energy": 26.67153568828367,
                "penalty_cost": 26671.535688283668
            },
            "265": {
                "required_energy": 38.6289749751464,
                "delivered_energy": 0,
                "unmet_energy": 38.6289749751464,
                "penalty_cost": 38628.9749751464
            },
            "266": {
                "required_energy": 34.98551790347108,
                "delivered_energy": 0,
                "unmet_energy": 34.98551790347108,
                "penalty_cost": 34985.517903471075
            },
            "267": {
                "required_energy": 53.626064731152944,
                "delivered_energy": 0,
                "unmet_energy": 53.626064731152944,
                "penalty_cost": 53626.06473115295
            },
            "269": {
                "required_energy": 35.35905543827756,
                "delivered_energy": 0,
                "unmet_energy": 35.35905543827756,
                "penalty_cost": 35359.05543827756
            },
            "270": {
                "required_energy": 25.432988318654747,
                "delivered_energy": 0,
                "unmet_energy": 25.432988318654747,
                "penalty_cost": 25432.98831865475
            },
            "271": {
                "required_energy": 40.050071141248196,
                "delivered_energy": 0,
                "unmet_energy": 40.050071141248196,
                "penalty_cost": 40050.0711412482
            },
            "272": {
                "required_energy": 36.81479397691151,
                "delivered_energy": 0,
                "unmet_energy": 36.81479397691151,
                "penalty_cost": 36814.79397691151
            },
            "273": {
                "required_energy": 44.826608902415096,
                "delivered_energy": 0,
                "unmet_energy": 44.826608902415096,
                "penalty_cost": 44826.60890241509
            },
            "275": {
                "required_energy": 33.64441369075463,
                "delivered_energy": 0,
                "unmet_energy": 33.64441369075463,
                "penalty_cost": 33644.413690754634
            },
            "276": {
                "required_energy": 38.63728712748565,
                "delivered_energy": 0,
                "unmet_energy": 38.63728712748565,
                "penalty_cost": 38637.28712748565
            },
            "278": {
                "required_energy": 33.05175799017732,
                "delivered_energy": 0,
                "unmet_energy": 33.05175799017732,
                "penalty_cost": 33051.75799017732
            },
            "279": {
                "required_energy": 20.682728109610586,
                "delivered_energy": 0,
                "unmet_energy": 20.682728109610586,
                "penalty_cost": 20682.728109610587
            },
            "280": {
                "required_energy": 42.36130065964257,
                "delivered_energy": 0,
                "unmet_energy": 42.36130065964257,
                "penalty_cost": 42361.30065964258
            },
            "281": {
                "required_energy": 19.57879986110523,
                "delivered_energy": 0,
                "unmet_energy": 19.57879986110523,
                "penalty_cost": 19578.79986110523
            },
            "283": {
                "required_energy": 29.459011964971605,
                "delivered_energy": 0,
                "unmet_energy": 29.459011964971605,
                "penalty_cost": 29459.011964971603
            },
            "284": {
                "required_energy": 36.97621522810146,
                "delivered_energy": 0,
                "unmet_energy": 36.97621522810146,
                "penalty_cost": 36976.21522810146
            },
            "286": {
                "required_energy": 42.40123855843227,
                "delivered_energy": 0,
                "unmet_energy": 42.40123855843227,
                "penalty_cost": 42401.23855843227
            },
            "287": {
                "required_energy": 25.44687910176902,
                "delivered_energy": 0,
                "unmet_energy": 25.44687910176902,
                "penalty_cost": 25446.87910176902
            },
            "291": {
                "required_energy": 22.695819677222325,
                "delivered_energy": 0,
                "unmet_energy": 22.695819677222325,
                "penalty_cost": 22695.819677222324
            },
            "292": {
                "required_energy": 18.41147466297852,
                "delivered_energy": 0,
                "unmet_energy": 18.41147466297852,
                "penalty_cost": 18411.47466297852
            },
            "293": {
                "required_energy": 68.44580395219488,
                "delivered_energy": 0,
                "unmet_energy": 68.44580395219488,
                "penalty_cost": 68445.80395219488
            },
            "294": {
                "required_energy": 53.79838798861118,
                "delivered_energy": 0,
                "unmet_energy": 53.79838798861118,
                "penalty_cost": 53798.38798861118
            },
            "295": {
                "required_energy": 26.13951619981681,
                "delivered_energy": 0,
                "unmet_energy": 26.13951619981681,
                "penalty_cost": 26139.51619981681
            },
            "296": {
                "required_energy": 19.352064983664462,
                "delivered_energy": 0,
                "unmet_energy": 19.352064983664462,
                "penalty_cost": 19352.064983664462
            },
            "297": {
                "required_energy": 21.41609284999644,
                "delivered_energy": 0,
                "unmet_energy": 21.41609284999644,
                "penalty_cost": 21416.09284999644
            },
            "298": {
                "required_energy": 11.043371495465806,
                "delivered_energy": 0,
                "unmet_energy": 11.043371495465806,
                "penalty_cost": 11043.371495465806
            },
            "299": {
                "required_energy": 38.05268467311831,
                "delivered_energy": 0,
                "unmet_energy": 38.05268467311831,
                "penalty_cost": 38052.68467311831
            },
            "301": {
                "required_energy": 55.036827508163434,
                "delivered_energy": 0,
                "unmet_energy": 55.036827508163434,
                "penalty_cost": 55036.827508163435
            },
            "302": {
                "required_energy": 46.26533523247915,
                "delivered_energy": 0,
                "unmet_energy": 46.26533523247915,
                "penalty_cost": 46265.335232479156
            },
            "303": {
                "required_energy": 6.472731315562238,
                "delivered_energy": 0,
                "unmet_energy": 6.472731315562238,
                "penalty_cost": 6472.731315562238
            },
            "305": {
                "required_energy": 43.68633617724343,
                "delivered_energy": 0,
                "unmet_energy": 43.68633617724343,
                "penalty_cost": 43686.33617724344
            },
            "307": {
                "required_energy": 34.872725551073295,
                "delivered_energy": 0,
                "unmet_energy": 34.872725551073295,
                "penalty_cost": 34872.725551073294
            },
            "308": {
                "required_energy": 25.16811924335824,
                "delivered_energy": 0,
                "unmet_energy": 25.16811924335824,
                "penalty_cost": 25168.11924335824
            },
            "309": {
                "required_energy": 11.38949624349529,
                "delivered_energy": 0,
                "unmet_energy": 11.38949624349529,
                "penalty_cost": 11389.49624349529
            },
            "310": {
                "required_energy": 47.273152704491416,
                "delivered_energy": 0,
                "unmet_energy": 47.273152704491416,
                "penalty_cost": 47273.15270449142
            },
            "312": {
                "required_energy": 18.333204933334816,
                "delivered_energy": 0,
                "unmet_energy": 18.333204933334816,
                "penalty_cost": 18333.204933334815
            },
            "313": {
                "required_energy": 19.819241855921355,
                "delivered_energy": 0,
                "unmet_energy": 19.819241855921355,
                "penalty_cost": 19819.241855921355
            },
            "314": {
                "required_energy": 41.1238746073662,
                "delivered_energy": 0,
                "unmet_energy": 41.1238746073662,
                "penalty_cost": 41123.8746073662
            },
            "315": {
                "required_energy": 48.60104164154006,
                "delivered_energy": 0,
                "unmet_energy": 48.60104164154006,
                "penalty_cost": 48601.041641540054
            },
            "316": {
                "required_energy": 19.185654009739547,
                "delivered_energy": 0,
                "unmet_energy": 19.185654009739547,
                "penalty_cost": 19185.65400973955
            },
            "317": {
                "required_energy": 53.83451462575846,
                "delivered_energy": 0,
                "unmet_energy": 53.83451462575846,
                "penalty_cost": 53834.51462575846
            },
            "318": {
                "required_energy": 7.646571758756334,
                "delivered_energy": 0,
                "unmet_energy": 7.646571758756334,
                "penalty_cost": 7646.571758756334
            },
            "319": {
                "required_energy": 16.204460594196323,
                "delivered_energy": 0,
                "unmet_energy": 16.204460594196323,
                "penalty_cost": 16204.460594196324
            },
            "320": {
                "required_energy": 23.60977193467383,
                "delivered_energy": 0,
                "unmet_energy": 23.60977193467383,
                "penalty_cost": 23609.77193467383
            },
            "321": {
                "required_energy": 18.848268386723554,
                "delivered_energy": 0,
                "unmet_energy": 18.848268386723554,
                "penalty_cost": 18848.268386723554
            },
            "322": {
                "required_energy": 10.794207027723333,
                "delivered_energy": 0,
                "unmet_energy": 10.794207027723333,
                "penalty_cost": 10794.207027723332
            },
            "323": {
                "required_energy": 28.014637767659963,
                "delivered_energy": 0,
                "unmet_energy": 28.014637767659963,
                "penalty_cost": 28014.637767659962
            },
            "324": {
                "required_energy": 27.712713591738545,
                "delivered_energy": 0,
                "unmet_energy": 27.712713591738545,
                "penalty_cost": 27712.713591738546
            },
            "326": {
                "required_energy": 9.998058005372146,
                "delivered_energy": 0,
                "unmet_energy": 9.998058005372146,
                "penalty_cost": 9998.058005372146
            },
            "327": {
                "required_energy": 35.86175258714973,
                "delivered_energy": 0,
                "unmet_energy": 35.86175258714973,
                "penalty_cost": 35861.75258714973
            },
            "328": {
                "required_energy": 33.35500640863539,
                "delivered_energy": 0,
                "unmet_energy": 33.35500640863539,
                "penalty_cost": 33355.00640863539
            },
            "329": {
                "required_energy": 11.752181084144885,
                "delivered_energy": 0,
                "unmet_energy": 11.752181084144885,
                "penalty_cost": 11752.181084144884
            },
            "330": {
                "required_energy": 43.35824949232623,
                "delivered_energy": 0,
                "unmet_energy": 43.35824949232623,
                "penalty_cost": 43358.24949232623
            },
            "331": {
                "required_energy": 9.588519020967837,
                "delivered_energy": 0,
                "unmet_energy": 9.588519020967837,
                "penalty_cost": 9588.519020967837
            },
            "332": {
                "required_energy": 36.25954066173819,
                "delivered_energy": 0,
                "unmet_energy": 36.25954066173819,
                "penalty_cost": 36259.540661738196
            },
            "333": {
                "required_energy": 25.49255735530147,
                "delivered_energy": 0,
                "unmet_energy": 25.49255735530147,
                "penalty_cost": 25492.557355301473
            },
            "334": {
                "required_energy": 28.1114368378974,
                "delivered_energy": 0,
                "unmet_energy": 28.1114368378974,
                "penalty_cost": 28111.4368378974
            },
            "335": {
                "required_energy": 16.563322213144907,
                "delivered_energy": 0,
                "unmet_energy": 16.563322213144907,
                "penalty_cost": 16563.322213144907
            },
            "336": {
                "required_energy": 11.58471247147902,
                "delivered_energy": 0,
                "unmet_energy": 11.58471247147902,
                "penalty_cost": 11584.71247147902
            },
            "337": {
                "required_energy": 9.022233273442328,
                "delivered_energy": 0,
                "unmet_energy": 9.022233273442328,
                "penalty_cost": 9022.233273442329
            },
            "338": {
                "required_energy": 31.09512328803259,
                "delivered_energy": 0,
                "unmet_energy": 31.09512328803259,
                "penalty_cost": 31095.123288032588
            },
            "339": {
                "required_energy": 8.869191538794553,
                "delivered_energy": 0,
                "unmet_energy": 8.869191538794553,
                "penalty_cost": 8869.191538794552
            },
            "340": {
                "required_energy": 44.743121847295434,
                "delivered_energy": 0,
                "unmet_energy": 44.743121847295434,
                "penalty_cost": 44743.121847295435
            },
            "341": {
                "required_energy": 13.97120483779435,
                "delivered_energy": 0,
                "unmet_energy": 13.97120483779435,
                "penalty_cost": 13971.20483779435
            },
            "342": {
                "required_energy": 47.249030148471064,
                "delivered_energy": 0,
                "unmet_energy": 47.249030148471064,
                "penalty_cost": 47249.030148471065
            },
            "343": {
                "required_energy": 44.178256472910846,
                "delivered_energy": 0,
                "unmet_energy": 44.178256472910846,
                "penalty_cost": 44178.25647291085
            },
            "344": {
                "required_energy": 22.494500640537673,
                "delivered_energy": 0,
                "unmet_energy": 22.494500640537673,
                "penalty_cost": 22494.500640537673
            },
            "345": {
                "required_energy": 11.678825616385275,
                "delivered_energy": 0,
                "unmet_energy": 11.678825616385275,
                "penalty_cost": 11678.825616385275
            },
            "346": {
                "required_energy": 38.65087243434403,
                "delivered_energy": 0,
                "unmet_energy": 38.65087243434403,
                "penalty_cost": 38650.87243434403
            },
            "347": {
                "required_energy": 16.296540059172056,
                "delivered_energy": 0,
                "unmet_energy": 16.296540059172056,
                "penalty_cost": 16296.540059172055
            },
            "348": {
                "required_energy": 46.186924840148855,
                "delivered_energy": 0,
                "unmet_energy": 46.186924840148855,
                "penalty_cost": 46186.92484014885
            },
            "349": {
                "required_energy": 55.843749835253526,
                "delivered_energy": 0,
                "unmet_energy": 55.843749835253526,
                "penalty_cost": 55843.749835253526
            },
            "350": {
                "required_energy": 15.42037423309619,
                "delivered_energy": 0,
                "unmet_energy": 15.42037423309619,
                "penalty_cost": 15420.37423309619
            },
            "351": {
                "required_energy": 25.57704481354574,
                "delivered_energy": 0,
                "unmet_energy": 25.57704481354574,
                "penalty_cost": 25577.04481354574
            },
            "352": {
                "required_energy": 39.22374914496393,
                "delivered_energy": 0,
                "unmet_energy": 39.22374914496393,
                "penalty_cost": 39223.749144963935
            },
            "353": {
                "required_energy": 77.82827320342055,
                "delivered_energy": 0,
                "unmet_energy": 77.82827320342055,
                "penalty_cost": 77828.27320342055
            },
            "354": {
                "required_energy": 16.96225453472958,
                "delivered_energy": 0,
                "unmet_energy": 16.96225453472958,
                "penalty_cost": 16962.25453472958
            },
            "355": {
                "required_energy": 35.91106417104333,
                "delivered_energy": 0,
                "unmet_energy": 35.91106417104333,
                "penalty_cost": 35911.06417104333
            },
            "356": {
                "required_energy": 37.63716151494514,
                "delivered_energy": 0,
                "unmet_energy": 37.63716151494514,
                "penalty_cost": 37637.16151494514
            },
            "357": {
                "required_energy": 13.029436765737517,
                "delivered_energy": 0,
                "unmet_energy": 13.029436765737517,
                "penalty_cost": 13029.436765737517
            },
            "358": {
                "required_energy": 48.22581250555041,
                "delivered_energy": 0,
                "unmet_energy": 48.22581250555041,
                "penalty_cost": 48225.812505550406
            },
            "359": {
                "required_energy": 7.633966619443988,
                "delivered_energy": 0,
                "unmet_energy": 7.633966619443988,
                "penalty_cost": 7633.966619443988
            },
            "360": {
                "required_energy": 44.71958538911962,
                "delivered_energy": 0,
                "unmet_energy": 44.71958538911962,
                "penalty_cost": 44719.585389119624
            },
            "361": {
                "required_energy": 42.2492034910572,
                "delivered_energy": 0,
                "unmet_energy": 42.2492034910572,
                "penalty_cost": 42249.203491057204
            },
            "362": {
                "required_energy": 73.08038280779984,
                "delivered_energy": 0,
                "unmet_energy": 73.08038280779984,
                "penalty_cost": 73080.38280779983
            },
            "363": {
                "required_energy": 26.888999012273416,
                "delivered_energy": 0,
                "unmet_energy": 26.888999012273416,
                "penalty_cost": 26888.999012273416
            },
            "364": {
                "required_energy": 51.742400228359806,
                "delivered_energy": 0,
                "unmet_energy": 51.742400228359806,
                "penalty_cost": 51742.40022835981
            },
            "365": {
                "required_energy": 25.724454078617654,
                "delivered_energy": 0,
                "unmet_energy": 25.724454078617654,
                "penalty_cost": 25724.454078617655
            },
            "366": {
                "required_energy": 38.451547845118725,
                "delivered_energy": 0,
                "unmet_energy": 38.451547845118725,
                "penalty_cost": 38451.54784511872
            },
            "367": {
                "required_energy": 18.84705859793742,
                "delivered_energy": 0,
                "unmet_energy": 18.84705859793742,
                "penalty_cost": 18847.05859793742
            },
            "368": {
                "required_energy": 16.926142458222127,
                "delivered_energy": 0,
                "unmet_energy": 16.926142458222127,
                "penalty_cost": 16926.142458222126
            },
            "369": {
                "required_energy": 29.50542586849518,
                "delivered_energy": 0,
                "unmet_energy": 29.50542586849518,
                "penalty_cost": 29505.425868495182
            },
            "370": {
                "required_energy": 38.476269877639695,
                "delivered_energy": 0,
                "unmet_energy": 38.476269877639695,
                "penalty_cost": 38476.269877639694
            },
            "371": {
                "required_energy": 24.828731955232072,
                "delivered_energy": 0,
                "unmet_energy": 24.828731955232072,
                "penalty_cost": 24828.731955232073
            },
            "372": {
                "required_energy": 35.723078912798776,
                "delivered_energy": 0,
                "unmet_energy": 35.723078912798776,
                "penalty_cost": 35723.078912798774
            },
            "373": {
                "required_energy": 32.193877980989875,
                "delivered_energy": 0,
                "unmet_energy": 32.193877980989875,
                "penalty_cost": 32193.877980989873
            },
            "374": {
                "required_energy": 11.935839302955387,
                "delivered_energy": 0,
                "unmet_energy": 11.935839302955387,
                "penalty_cost": 11935.839302955386
            },
            "375": {
                "required_energy": 9.314487358095798,
                "delivered_energy": 0,
                "unmet_energy": 9.314487358095798,
                "penalty_cost": 9314.487358095797
            },
            "376": {
                "required_energy": 23.693956981797605,
                "delivered_energy": 0,
                "unmet_energy": 23.693956981797605,
                "penalty_cost": 23693.956981797604
            },
            "377": {
                "required_energy": 31.22374479198868,
                "delivered_energy": 0,
                "unmet_energy": 31.22374479198868,
                "penalty_cost": 31223.74479198868
            },
            "378": {
                "required_energy": 45.256234956736904,
                "delivered_energy": 0,
                "unmet_energy": 45.256234956736904,
                "penalty_cost": 45256.2349567369
            },
            "379": {
                "required_energy": 62.13924239441171,
                "delivered_energy": 0,
                "unmet_energy": 62.13924239441171,
                "penalty_cost": 62139.24239441171
            },
            "380": {
                "required_energy": 39.46247449079694,
                "delivered_energy": 0,
                "unmet_energy": 39.46247449079694,
                "penalty_cost": 39462.47449079694
            },
            "381": {
                "required_energy": 32.588590996156654,
                "delivered_energy": 0,
                "unmet_energy": 32.588590996156654,
                "penalty_cost": 32588.590996156654
            },
            "382": {
                "required_energy": 49.43720179261868,
                "delivered_energy": 0,
                "unmet_energy": 49.43720179261868,
                "penalty_cost": 49437.20179261868
            },
            "383": {
                "required_energy": 7.383332077932458,
                "delivered_energy": 0,
                "unmet_energy": 7.383332077932458,
                "penalty_cost": 7383.332077932458
            },
            "384": {
                "required_energy": 46.592031357591644,
                "delivered_energy": 0,
                "unmet_energy": 46.592031357591644,
                "penalty_cost": 46592.031357591644
            },
            "385": {
                "required_energy": 8.941437731647127,
                "delivered_energy": 0,
                "unmet_energy": 8.941437731647127,
                "penalty_cost": 8941.437731647127
            },
            "386": {
                "required_energy": 10.515376883081721,
                "delivered_energy": 0,
                "unmet_energy": 10.515376883081721,
                "penalty_cost": 10515.37688308172
            },
            "387": {
                "required_energy": 45.082744006987035,
                "delivered_energy": 0,
                "unmet_energy": 45.082744006987035,
                "penalty_cost": 45082.744006987035
            },
            "388": {
                "required_energy": 50.77342280186132,
                "delivered_energy": 0,
                "unmet_energy": 50.77342280186132,
                "penalty_cost": 50773.42280186132
            },
            "389": {
                "required_energy": 17.691066130713814,
                "delivered_energy": 0,
                "unmet_energy": 17.691066130713814,
                "penalty_cost": 17691.066130713814
            },
            "390": {
                "required_energy": 25.60936712221944,
                "delivered_energy": 0,
                "unmet_energy": 25.60936712221944,
                "penalty_cost": 25609.36712221944
            },
            "391": {
                "required_energy": 9.933232684073399,
                "delivered_energy": 0,
                "unmet_energy": 9.933232684073399,
                "penalty_cost": 9933.232684073399
            },
            "392": {
                "required_energy": 34.86090410300007,
                "delivered_energy": 0,
                "unmet_energy": 34.86090410300007,
                "penalty_cost": 34860.904103000066
            },
            "393": {
                "required_energy": 10.661731558727451,
                "delivered_energy": 0,
                "unmet_energy": 10.661731558727451,
                "penalty_cost": 10661.731558727452
            },
            "394": {
                "required_energy": 14.705102954345168,
                "delivered_energy": 0,
                "unmet_energy": 14.705102954345168,
                "penalty_cost": 14705.102954345168
            },
            "395": {
                "required_energy": 36.60652373611609,
                "delivered_energy": 0,
                "unmet_energy": 36.60652373611609,
                "penalty_cost": 36606.52373611609
            },
            "396": {
                "required_energy": 48.578685467909985,
                "delivered_energy": 0,
                "unmet_energy": 48.578685467909985,
                "penalty_cost": 48578.685467909985
            },
            "397": {
                "required_energy": 32.59321431826552,
                "delivered_energy": 0,
                "unmet_energy": 32.59321431826552,
                "penalty_cost": 32593.214318265516
            },
            "398": {
                "required_energy": 38.77603132076351,
                "delivered_energy": 0,
                "unmet_energy": 38.77603132076351,
                "penalty_cost": 38776.031320763504
            },
            "399": {
                "required_energy": 25.854905111617732,
                "delivered_energy": 0,
                "unmet_energy": 25.854905111617732,
                "penalty_cost": 25854.905111617732
            },
            "400": {
                "required_energy": 51.489187965171624,
                "delivered_energy": 0,
                "unmet_energy": 51.489187965171624,
                "penalty_cost": 51489.18796517162
            },
            "401": {
                "required_energy": 21.625502807153186,
                "delivered_energy": 0,
                "unmet_energy": 21.625502807153186,
                "penalty_cost": 21625.502807153185
            },
            "402": {
                "required_energy": 25.089223113157367,
                "delivered_energy": 0,
                "unmet_energy": 25.089223113157367,
                "penalty_cost": 25089.223113157368
            },
            "403": {
                "required_energy": 19.23196904439424,
                "delivered_energy": 0,
                "unmet_energy": 19.23196904439424,
                "penalty_cost": 19231.96904439424
            },
            "404": {
                "required_energy": 44.84345908970556,
                "delivered_energy": 0,
                "unmet_energy": 44.84345908970556,
                "penalty_cost": 44843.45908970556
            },
            "405": {
                "required_energy": 29.57798923123346,
                "delivered_energy": 0,
                "unmet_energy": 29.57798923123346,
                "penalty_cost": 29577.98923123346
            },
            "406": {
                "required_energy": 26.23141096502041,
                "delivered_energy": 0,
                "unmet_energy": 26.23141096502041,
                "penalty_cost": 26231.41096502041
            },
            "407": {
                "required_energy": 19.444502191992445,
                "delivered_energy": 0,
                "unmet_energy": 19.444502191992445,
                "penalty_cost": 19444.502191992444
            },
            "408": {
                "required_energy": 48.97062770679084,
                "delivered_energy": 0,
                "unmet_energy": 48.97062770679084,
                "penalty_cost": 48970.627706790845
            },
            "409": {
                "required_energy": 21.908193016410664,
                "delivered_energy": 0,
                "unmet_energy": 21.908193016410664,
                "penalty_cost": 21908.193016410663
            },
            "410": {
                "required_energy": 10.930188303119678,
                "delivered_energy": 0,
                "unmet_energy": 10.930188303119678,
                "penalty_cost": 10930.188303119678
            },
            "411": {
                "required_energy": 24.263587519507517,
                "delivered_energy": 0,
                "unmet_energy": 24.263587519507517,
                "penalty_cost": 24263.587519507517
            },
            "412": {
                "required_energy": 60.6101176534413,
                "delivered_energy": 0,
                "unmet_energy": 60.6101176534413,
                "penalty_cost": 60610.1176534413
            },
            "413": {
                "required_energy": 62.30584608423372,
                "delivered_energy": 0,
                "unmet_energy": 62.30584608423372,
                "penalty_cost": 62305.84608423372
            },
            "414": {
                "required_energy": 48.13031889513885,
                "delivered_energy": 0,
                "unmet_energy": 48.13031889513885,
                "penalty_cost": 48130.31889513885
            },
            "415": {
                "required_energy": 21.57150958676007,
                "delivered_energy": 0,
                "unmet_energy": 21.57150958676007,
                "penalty_cost": 21571.50958676007
            },
            "416": {
                "required_energy": 56.52109461600371,
                "delivered_energy": 0,
                "unmet_energy": 56.52109461600371,
                "penalty_cost": 56521.094616003706
            },
            "417": {
                "required_energy": 48.737544249023934,
                "delivered_energy": 0,
                "unmet_energy": 48.737544249023934,
                "penalty_cost": 48737.54424902394
            },
            "418": {
                "required_energy": 51.1518380150471,
                "delivered_energy": 0,
                "unmet_energy": 51.1518380150471,
                "penalty_cost": 51151.8380150471
            },
            "419": {
                "required_energy": 41.14472156681753,
                "delivered_energy": 0,
                "unmet_energy": 41.14472156681753,
                "penalty_cost": 41144.72156681753
            },
            "420": {
                "required_energy": 50.73676805662556,
                "delivered_energy": 0,
                "unmet_energy": 50.73676805662556,
                "penalty_cost": 50736.76805662556
            },
            "421": {
                "required_energy": 17.43481886838808,
                "delivered_energy": 0,
                "unmet_energy": 17.43481886838808,
                "penalty_cost": 17434.81886838808
            },
            "422": {
                "required_energy": 25.902706082438595,
                "delivered_energy": 0,
                "unmet_energy": 25.902706082438595,
                "penalty_cost": 25902.706082438595
            },
            "423": {
                "required_energy": 14.05270804500137,
                "delivered_energy": 0,
                "unmet_energy": 14.05270804500137,
                "penalty_cost": 14052.708045001371
            },
            "424": {
                "required_energy": 31.438877519194666,
                "delivered_energy": 0,
                "unmet_energy": 31.438877519194666,
                "penalty_cost": 31438.877519194666
            },
            "425": {
                "required_energy": 20.414447209923495,
                "delivered_energy": 0,
                "unmet_energy": 20.414447209923495,
                "penalty_cost": 20414.447209923495
            },
            "426": {
                "required_energy": 22.423707308211185,
                "delivered_energy": 0,
                "unmet_energy": 22.423707308211185,
                "penalty_cost": 22423.707308211186
            },
            "427": {
                "required_energy": 65.35467107443382,
                "delivered_energy": 0,
                "unmet_energy": 65.35467107443382,
                "penalty_cost": 65354.67107443383
            },
            "428": {
                "required_energy": 7.172962021079496,
                "delivered_energy": 0,
                "unmet_energy": 7.172962021079496,
                "penalty_cost": 7172.9620210794965
            },
            "429": {
                "required_energy": 25.833678009710383,
                "delivered_energy": 0,
                "unmet_energy": 25.833678009710383,
                "penalty_cost": 25833.678009710384
            },
            "430": {
                "required_energy": 37.635481415082644,
                "delivered_energy": 0,
                "unmet_energy": 37.635481415082644,
                "penalty_cost": 37635.48141508264
            }
        },
        "milp_time": 268.348064661026,
        "total_time": 307.8635814189911
    }
}